
===========================================================================
report_checks -unconstrained
===========================================================================
======================= max_ss_100C_1v60 Corner ===================================

Startpoint: rst_n (input port clocked by clk)
Endpoint: _9387_ (recovery check against rising-edge clock clk)
Path Group: asynchronous
Path Type: max

Fanout         Cap        Slew       Delay        Time   Description
---------------------------------------------------------------------------------------------
                                  0.000000    0.000000   clock clk (rise edge)
                                  0.000000    0.000000   clock network delay (propagated)
                                 12.000000   12.000000 ^ input external delay
     1    0.003270    0.035369    0.019233   12.019232 ^ rst_n (in)
                                                         rst_n (net)
                      0.035370    0.000000   12.019232 ^ input81/A (sky130_fd_sc_hd__clkdlybuf4s25_1)
     1    0.009894    0.178320    0.553050   12.572282 ^ input81/X (sky130_fd_sc_hd__clkdlybuf4s25_1)
                                                         net81 (net)
                      0.178321    0.000873   12.573155 ^ fanout437/A (sky130_fd_sc_hd__clkdlybuf4s25_1)
     2    0.019359    0.323370    0.729190   13.302345 ^ fanout437/X (sky130_fd_sc_hd__clkdlybuf4s25_1)
                                                         net437 (net)
                      0.323371    0.001432   13.303777 ^ fanout436/A (sky130_fd_sc_hd__clkdlybuf4s25_1)
     5    0.046423    0.744630    1.100610   14.404387 ^ fanout436/X (sky130_fd_sc_hd__clkdlybuf4s25_1)
                                                         net436 (net)
                      0.744634    0.003258   14.407645 ^ fanout426/A (sky130_fd_sc_hd__clkdlybuf4s25_1)
     7    0.035514    0.573427    1.115973   15.523619 ^ fanout426/X (sky130_fd_sc_hd__clkdlybuf4s25_1)
                                                         net426 (net)
                      0.573428    0.002188   15.525806 ^ fanout425/A (sky130_fd_sc_hd__clkdlybuf4s25_1)
     5    0.031976    0.518610    1.026550   16.552357 ^ fanout425/X (sky130_fd_sc_hd__clkdlybuf4s25_1)
                                                         net425 (net)
                      0.518610    0.000995   16.553350 ^ fanout424/A (sky130_fd_sc_hd__clkdlybuf4s25_1)
     5    0.032476    0.526525    1.011266   17.564617 ^ fanout424/X (sky130_fd_sc_hd__clkdlybuf4s25_1)
                                                         net424 (net)
                      0.526531    0.002840   17.567457 ^ fanout420/A (sky130_fd_sc_hd__clkdlybuf4s25_1)
     6    0.025126    0.412512    0.930436   18.497894 ^ fanout420/X (sky130_fd_sc_hd__clkdlybuf4s25_1)
                                                         net420 (net)
                      0.412512    0.001412   18.499306 ^ load_slew421/A (sky130_fd_sc_hd__clkbuf_2)
     5    0.027036    0.237918    0.476417   18.975723 ^ load_slew421/X (sky130_fd_sc_hd__clkbuf_2)
                                                         net421 (net)
                      0.237933    0.002197   18.977921 ^ _9387_/RESET_B (sky130_fd_sc_hd__dfrtp_2)
                                             18.977921   data arrival time

                                 60.000000   60.000000   clock clk (rise edge)
                                  0.000000   60.000000   clock source latency
     1    0.048432    0.348986    0.232369   60.232368 ^ clk (in)
                                                         clk (net)
                      0.349036    0.000000   60.232368 ^ clkbuf_0_clk/A (sky130_fd_sc_hd__clkbuf_16)
    16    0.164739    0.273248    0.467502   60.699871 ^ clkbuf_0_clk/X (sky130_fd_sc_hd__clkbuf_16)
                                                         clknet_0_clk (net)
                      0.276200    0.021828   60.721699 ^ clkbuf_4_10_0_clk/A (sky130_fd_sc_hd__clkbuf_8)
     2    0.018244    0.080529    0.307828   61.029526 ^ clkbuf_4_10_0_clk/X (sky130_fd_sc_hd__clkbuf_8)
                                                         clknet_4_10_0_clk (net)
                      0.080544    0.001009   61.030537 ^ clkbuf_5_21__f_clk/A (sky130_fd_sc_hd__clkbuf_16)
     5    0.014133    0.060125    0.206974   61.237511 ^ clkbuf_5_21__f_clk/X (sky130_fd_sc_hd__clkbuf_16)
                                                         clknet_5_21__leaf_clk (net)
                      0.060125    0.000831   61.238342 ^ _9387_/CLK (sky130_fd_sc_hd__dfrtp_2)
                                 -0.250000   60.988342   clock uncertainty
                                  0.000000   60.988342   clock reconvergence pessimism
                                  0.369425   61.357769   library recovery time
                                             61.357769   data required time
---------------------------------------------------------------------------------------------
                                             61.357769   data required time
                                            -18.977921   data arrival time
---------------------------------------------------------------------------------------------
                                             42.379848   slack (MET)


Startpoint: a2[0] (input port clocked by clk)
Endpoint: _9430_ (rising edge-triggered flip-flop clocked by clk)
Path Group: clk
Path Type: max

Fanout         Cap        Slew       Delay        Time   Description
---------------------------------------------------------------------------------------------
                                  0.000000    0.000000   clock clk (rise edge)
                                  0.000000    0.000000   clock network delay (propagated)
                                 12.000000   12.000000 v input external delay
     1    0.004603    0.025555    0.015712   12.015712 v a2[0] (in)
                                                         a2[0] (net)
                      0.025557    0.000000   12.015712 v input17/A (sky130_fd_sc_hd__clkdlybuf4s25_1)
     6    0.031209    0.425865    0.753569   12.769280 v input17/X (sky130_fd_sc_hd__clkdlybuf4s25_1)
                                                         net17 (net)
                      0.425866    0.001567   12.770847 v _4684_/A (sky130_fd_sc_hd__or4_2)
    10    0.040462    0.432707    2.139582   14.910429 v _4684_/X (sky130_fd_sc_hd__or4_2)
                                                         _3332_ (net)
                      0.432713    0.002595   14.913024 v _4688_/C (sky130_fd_sc_hd__or4_2)
     3    0.022249    0.344482    1.894406   16.807430 v _4688_/X (sky130_fd_sc_hd__or4_2)
                                                         _3376_ (net)
                      0.344482    0.001970   16.809401 v fanout289/A (sky130_fd_sc_hd__clkdlybuf4s25_1)
    10    0.040964    0.550691    0.987692   17.797092 v fanout289/X (sky130_fd_sc_hd__clkdlybuf4s25_1)
                                                         net289 (net)
                      0.550722    0.004702   17.801794 v _4841_/A2 (sky130_fd_sc_hd__o21ai_2)
     1    0.003208    0.194269    0.388440   18.190233 ^ _4841_/Y (sky130_fd_sc_hd__o21ai_2)
                                                         _4231_ (net)
                      0.194269    0.000254   18.190487 ^ _4843_/A3 (sky130_fd_sc_hd__a31o_2)
     2    0.019243    0.197781    0.509008   18.699495 ^ _4843_/X (sky130_fd_sc_hd__a31o_2)
                                                         _4233_ (net)
                      0.197782    0.001050   18.700546 ^ fanout212/A (sky130_fd_sc_hd__clkdlybuf4s25_1)
    10    0.060336    0.961247    1.213204   19.913750 ^ fanout212/X (sky130_fd_sc_hd__clkdlybuf4s25_1)
                                                         net212 (net)
                      0.961255    0.004482   19.918232 ^ _4844_/B (sky130_fd_sc_hd__nand2_2)
     2    0.018350    0.298729    0.483739   20.401970 v _4844_/Y (sky130_fd_sc_hd__nand2_2)
                                                         _4234_ (net)
                      0.298731    0.000966   20.402937 v fanout188/A (sky130_fd_sc_hd__clkdlybuf4s25_1)
    10    0.077227    1.023255    1.330346   21.733282 v fanout188/X (sky130_fd_sc_hd__clkdlybuf4s25_1)
                                                         net188 (net)
                      1.023323    0.009242   21.742525 v _6425_/B (sky130_fd_sc_hd__or3_2)
     1    0.003128    0.163520    1.484580   23.227104 v _6425_/X (sky130_fd_sc_hd__or3_2)
                                                         _1315_ (net)
                      0.163520    0.000222   23.227327 v _6428_/B1 (sky130_fd_sc_hd__o31ai_1)
     1    0.004122    0.386123    0.167734   23.395061 ^ _6428_/Y (sky130_fd_sc_hd__o31ai_1)
                                                         _1318_ (net)
                      0.386123    0.000336   23.395397 ^ wire150/A (sky130_fd_sc_hd__clkdlybuf4s25_1)
     2    0.010308    0.184802    0.706530   24.101927 ^ wire150/X (sky130_fd_sc_hd__clkdlybuf4s25_1)
                                                         net150 (net)
                      0.184802    0.000561   24.102488 ^ wire149/A (sky130_fd_sc_hd__clkdlybuf4s25_1)
     1    0.009727    0.176006    0.620501   24.722988 ^ wire149/X (sky130_fd_sc_hd__clkdlybuf4s25_1)
                                                         net149 (net)
                      0.176006    0.000780   24.723768 ^ _6433_/A (sky130_fd_sc_hd__xor2_2)
     3    0.019286    0.412588    0.465580   25.189348 ^ _6433_/X (sky130_fd_sc_hd__xor2_2)
                                                         _1323_ (net)
                      0.412601    0.001977   25.191326 ^ _6434_/B (sky130_fd_sc_hd__xnor2_2)
     2    0.021196    0.232899    0.361359   25.552685 v _6434_/Y (sky130_fd_sc_hd__xnor2_2)
                                                         _1324_ (net)
                      0.233005    0.001867   25.554552 v _6494_/A (sky130_fd_sc_hd__xor2_2)
     3    0.016238    0.201326    0.450056   26.004608 v _6494_/X (sky130_fd_sc_hd__xor2_2)
                                                         _1384_ (net)
                      0.201326    0.000883   26.005489 v _6496_/B (sky130_fd_sc_hd__and3_2)
     3    0.011456    0.110316    0.544741   26.550232 v _6496_/X (sky130_fd_sc_hd__and3_2)
                                                         _1386_ (net)
                      0.110321    0.000929   26.551161 v _6501_/A (sky130_fd_sc_hd__or3_2)
     3    0.009024    0.201492    1.242803   27.793964 v _6501_/X (sky130_fd_sc_hd__or3_2)
                                                         _1391_ (net)
                      0.201492    0.000448   27.794411 v _6504_/A (sky130_fd_sc_hd__and3_2)
     4    0.022455    0.153274    0.551299   28.345711 v _6504_/X (sky130_fd_sc_hd__and3_2)
                                                         _1394_ (net)
                      0.153286    0.001540   28.347250 v _6553_/A (sky130_fd_sc_hd__or3b_2)
     3    0.009980    0.204834    1.243093   29.590343 v _6553_/X (sky130_fd_sc_hd__or3b_2)
                                                         _1443_ (net)
                      0.204834    0.000625   29.590969 v _6556_/A (sky130_fd_sc_hd__nand3_2)
     3    0.009230    0.115350    0.190870   29.781837 ^ _6556_/Y (sky130_fd_sc_hd__nand3_2)
                                                         _1446_ (net)
                      0.115350    0.000279   29.782118 ^ _6557_/B (sky130_fd_sc_hd__and2_2)
     2    0.017178    0.169880    0.394573   30.176691 ^ _6557_/X (sky130_fd_sc_hd__and2_2)
                                                         _1447_ (net)
                      0.169884    0.001116   30.177807 ^ _6559_/B (sky130_fd_sc_hd__xor2_2)
     2    0.013111    0.308001    0.393033   30.570839 ^ _6559_/X (sky130_fd_sc_hd__xor2_2)
                                                         _1449_ (net)
                      0.308001    0.000487   30.571325 ^ _6729_/A1 (sky130_fd_sc_hd__a21o_2)
     2    0.013197    0.127088    0.403062   30.974388 ^ _6729_/X (sky130_fd_sc_hd__a21o_2)
                                                         _1619_ (net)
                      0.127090    0.000746   30.975134 ^ _6730_/A2 (sky130_fd_sc_hd__a21o_2)
     2    0.015521    0.143547    0.351964   31.327099 ^ _6730_/X (sky130_fd_sc_hd__a21o_2)
                                                         _1620_ (net)
                      0.143550    0.000959   31.328058 ^ _6731_/A2 (sky130_fd_sc_hd__a21oi_2)
     5    0.026948    0.238075    0.276273   31.604330 v _6731_/Y (sky130_fd_sc_hd__a21oi_2)
                                                         _1621_ (net)
                      0.238182    0.002117   31.606447 v _6752_/A2 (sky130_fd_sc_hd__o311a_2)
     4    0.015636    0.160352    0.908507   32.514954 v _6752_/X (sky130_fd_sc_hd__o311a_2)
                                                         _1642_ (net)
                      0.160361    0.001425   32.516380 v _6924_/B (sky130_fd_sc_hd__or4_2)
     4    0.019078    0.330250    1.844334   34.360714 v _6924_/X (sky130_fd_sc_hd__or4_2)
                                                         _1814_ (net)
                      0.330250    0.002000   34.362713 v _7061_/A1 (sky130_fd_sc_hd__a21o_2)
     2    0.007168    0.077660    0.502631   34.865345 v _7061_/X (sky130_fd_sc_hd__a21o_2)
                                                         _1951_ (net)
                      0.077660    0.000398   34.865742 v _7062_/A2 (sky130_fd_sc_hd__a21o_2)
     4    0.015125    0.113969    0.467999   35.333744 v _7062_/X (sky130_fd_sc_hd__a21o_2)
                                                         _1952_ (net)
                      0.113973    0.000867   35.334610 v _7072_/A1 (sky130_fd_sc_hd__a21oi_2)
     1    0.003303    0.137055    0.214126   35.548737 ^ _7072_/Y (sky130_fd_sc_hd__a21oi_2)
                                                         _1962_ (net)
                      0.137055    0.000220   35.548954 ^ _7073_/C_N (sky130_fd_sc_hd__or4bb_2)
     1    0.004268    0.213808    1.531475   37.080429 v _7073_/X (sky130_fd_sc_hd__or4bb_2)
                                                         _1963_ (net)
                      0.213808    0.000334   37.080765 v _7079_/B (sky130_fd_sc_hd__or4_2)
     1    0.003656    0.220700    1.649461   38.730225 v _7079_/X (sky130_fd_sc_hd__or4_2)
                                                         _1969_ (net)
                      0.220700    0.000252   38.730476 v _7080_/A4 (sky130_fd_sc_hd__o41a_2)
    10    0.042175    0.302084    1.077176   39.807652 v _7080_/X (sky130_fd_sc_hd__o41a_2)
                                                         _1970_ (net)
                      0.302251    0.006835   39.814487 v _7109_/A2 (sky130_fd_sc_hd__o41a_2)
     6    0.036172    0.272348    1.260545   41.075035 v _7109_/X (sky130_fd_sc_hd__o41a_2)
                                                         _1993_ (net)
                      0.272418    0.004455   41.079491 v _9146_/B (sky130_fd_sc_hd__xnor2_2)
     2    0.012528    0.323295    0.411866   41.491356 ^ _9146_/Y (sky130_fd_sc_hd__xnor2_2)
                                                         _4004_ (net)
                      0.323295    0.000639   41.491997 ^ _9149_/A_N (sky130_fd_sc_hd__and2b_2)
     1    0.006049    0.085575    0.583313   42.075310 v _9149_/X (sky130_fd_sc_hd__and2b_2)
                                                         _4007_ (net)
                      0.085575    0.000465   42.075775 v _9150_/B1 (sky130_fd_sc_hd__a21oi_2)
     3    0.015746    0.344634    0.345871   42.421646 ^ _9150_/Y (sky130_fd_sc_hd__a21oi_2)
                                                         _4008_ (net)
                      0.344634    0.001439   42.423084 ^ _9151_/B (sky130_fd_sc_hd__nor2_2)
     2    0.008261    0.089419    0.174168   42.597252 v _9151_/Y (sky130_fd_sc_hd__nor2_2)
                                                         _4009_ (net)
                      0.089419    0.000433   42.597683 v _9164_/A (sky130_fd_sc_hd__or3_2)
     2    0.006290    0.188503    1.205709   43.803394 v _9164_/X (sky130_fd_sc_hd__or3_2)
                                                         _4023_ (net)
                      0.188503    0.000394   43.803787 v _9169_/B (sky130_fd_sc_hd__or4b_2)
     3    0.012906    0.289161    1.753961   45.557751 v _9169_/X (sky130_fd_sc_hd__or4b_2)
                                                         _4029_ (net)
                      0.289161    0.000732   45.558479 v _9200_/A1 (sky130_fd_sc_hd__a2111o_2)
     2    0.006652    0.131895    0.975525   46.534008 v _9200_/X (sky130_fd_sc_hd__a2111o_2)
                                                         _4063_ (net)
                      0.131895    0.000288   46.534294 v _9204_/A1 (sky130_fd_sc_hd__a21oi_2)
     6    0.030074    0.606425    0.607713   47.142006 ^ _9204_/Y (sky130_fd_sc_hd__a21oi_2)
                                                         _4067_ (net)
                      0.606438    0.002512   47.144520 ^ _9225_/A1 (sky130_fd_sc_hd__o2111ai_2)
     2    0.011778    0.315088    0.564405   47.708923 v _9225_/Y (sky130_fd_sc_hd__o2111ai_2)
                                                         _4090_ (net)
                      0.315089    0.000924   47.709846 v _9227_/A (sky130_fd_sc_hd__nand2_2)
     1    0.003906    0.094909    0.184620   47.894470 ^ _9227_/Y (sky130_fd_sc_hd__nand2_2)
                                                         _4093_ (net)
                      0.094909    0.000298   47.894768 ^ _9234_/S (sky130_fd_sc_hd__mux2_1)
     2    0.010703    0.185537    0.843251   48.738018 v _9234_/X (sky130_fd_sc_hd__mux2_1)
                                                         _4100_ (net)
                      0.185537    0.000441   48.738457 v _9236_/B (sky130_fd_sc_hd__nor3b_2)
     2    0.011630    0.394099    0.480920   49.219379 ^ _9236_/Y (sky130_fd_sc_hd__nor3b_2)
                                                         _4103_ (net)
                      0.394099    0.000515   49.219894 ^ fanout118/A (sky130_fd_sc_hd__clkdlybuf4s25_1)
     4    0.017512    0.294747    0.793449   50.013344 ^ fanout118/X (sky130_fd_sc_hd__clkdlybuf4s25_1)
                                                         net118 (net)
                      0.294747    0.000238   50.013580 ^ load_slew119/A (sky130_fd_sc_hd__buf_4)
     7    0.042886    0.201125    0.425214   50.438793 ^ load_slew119/X (sky130_fd_sc_hd__buf_4)
                                                         net119 (net)
                      0.201222    0.004309   50.443104 ^ _9269_/C_N (sky130_fd_sc_hd__or3b_2)
     1    0.004362    0.171090    1.141760   51.584866 v _9269_/X (sky130_fd_sc_hd__or3b_2)
                                                         _4131_ (net)
                      0.171090    0.000341   51.585205 v _9270_/A2_N (sky130_fd_sc_hd__o2bb2a_2)
     1    0.002653    0.070786    0.517101   52.102306 ^ _9270_/X (sky130_fd_sc_hd__o2bb2a_2)
                                                         _0138_ (net)
                      0.070786    0.000181   52.102486 ^ _9430_/D (sky130_fd_sc_hd__dfrtp_2)
                                             52.102486   data arrival time

                                 60.000000   60.000000   clock clk (rise edge)
                                  0.000000   60.000000   clock source latency
     1    0.048432    0.348986    0.232369   60.232368 ^ clk (in)
                                                         clk (net)
                      0.349036    0.000000   60.232368 ^ clkbuf_0_clk/A (sky130_fd_sc_hd__clkbuf_16)
    16    0.164739    0.273248    0.467502   60.699871 ^ clkbuf_0_clk/X (sky130_fd_sc_hd__clkbuf_16)
                                                         clknet_0_clk (net)
                      0.277515    0.026006   60.725876 ^ clkbuf_4_13_0_clk/A (sky130_fd_sc_hd__clkbuf_8)
     2    0.018493    0.081115    0.308951   61.034828 ^ clkbuf_4_13_0_clk/X (sky130_fd_sc_hd__clkbuf_8)
                                                         clknet_4_13_0_clk (net)
                      0.081127    0.000931   61.035759 ^ clkbuf_5_27__f_clk/A (sky130_fd_sc_hd__clkbuf_16)
     5    0.015983    0.062423    0.209802   61.245560 ^ clkbuf_5_27__f_clk/X (sky130_fd_sc_hd__clkbuf_16)
                                                         clknet_5_27__leaf_clk (net)
                      0.062423    0.000284   61.245846 ^ _9430_/CLK (sky130_fd_sc_hd__dfrtp_2)
                                 -0.250000   60.995846   clock uncertainty
                                  0.000000   60.995846   clock reconvergence pessimism
                                 -0.139970   60.855877   library setup time
                                             60.855877   data required time
---------------------------------------------------------------------------------------------
                                             60.855877   data required time
                                            -52.102486   data arrival time
---------------------------------------------------------------------------------------------
                                              8.753389   slack (MET)




===========================================================================
report_checks --slack_max -0.01
============================================================================
======================= max_ss_100C_1v60 Corner ===================================

No paths found.


===========================================================================
 report_check_types -max_slew -max_cap -max_fanout -violators
============================================================================
======================= max_ss_100C_1v60 Corner ===================================

max slew

Pin                                        Limit        Slew       Slack
------------------------------------------------------------------------
_5785_/A                                0.750000    1.453745   -0.703745 (VIOLATED)
_5787_/A1                               0.750000    1.453745   -0.703745 (VIOLATED)
_5931_/A                                0.750000    1.453740   -0.703740 (VIOLATED)
_4871_/A1                               0.750000    1.453730   -0.703730 (VIOLATED)
_5801_/A1                               0.750000    1.453731   -0.703731 (VIOLATED)
_6615_/B                                0.750000    1.453724   -0.703724 (VIOLATED)
_6617_/A2                               0.750000    1.453722   -0.703722 (VIOLATED)
_6248_/B                                0.750000    1.453718   -0.703718 (VIOLATED)
_6250_/A2                               0.750000    1.453714   -0.703714 (VIOLATED)
_6111_/A2                               0.750000    1.453711   -0.703711 (VIOLATED)
fanout213/X                             0.750000    1.453711   -0.703711 (VIOLATED)
fanout309/A                             0.750000    1.436647   -0.686647 (VIOLATED)
_4784_/A1                               0.750000    1.436511   -0.686511 (VIOLATED)
_4804_/A1                               0.750000    1.436511   -0.686511 (VIOLATED)
_4814_/B1                               0.750000    1.436505   -0.686505 (VIOLATED)
_4795_/A1                               0.750000    1.436499   -0.686499 (VIOLATED)
_4794_/A1                               0.750000    1.436494   -0.686494 (VIOLATED)
_4658_/B                                0.750000    1.436459   -0.686459 (VIOLATED)
_4697_/A1                               0.750000    1.436445   -0.686445 (VIOLATED)
_4887_/B1                               0.750000    1.436445   -0.686445 (VIOLATED)
_4911_/A1                               0.750000    1.436445   -0.686445 (VIOLATED)
fanout310/X                             0.750000    1.436438   -0.686438 (VIOLATED)
_4675_/S                                0.750000    1.426687   -0.676687 (VIOLATED)
_7382_/A2                               0.750000    1.426686   -0.676686 (VIOLATED)
_4674_/S                                0.750000    1.426679   -0.676679 (VIOLATED)
_4669_/S                                0.750000    1.426678   -0.676678 (VIOLATED)
_4672_/S                                0.750000    1.426674   -0.676674 (VIOLATED)
fanout313/A                             0.750000    1.426592   -0.676592 (VIOLATED)
fanout314/X                             0.750000    1.426238   -0.676238 (VIOLATED)
fanout399/A                             0.750000    1.397026   -0.647026 (VIOLATED)
_8516_/A                                0.750000    1.396892   -0.646892 (VIOLATED)
_8447_/A                                0.750000    1.396830   -0.646830 (VIOLATED)
_8463_/A1                               0.750000    1.396772   -0.646772 (VIOLATED)
_8377_/A1_N                             0.750000    1.396713   -0.646713 (VIOLATED)
_8376_/C                                0.750000    1.396678   -0.646678 (VIOLATED)
_8308_/A1                               0.750000    1.396602   -0.646602 (VIOLATED)
_7434_/A                                0.750000    1.396561   -0.646561 (VIOLATED)
_8229_/A1                               0.750000    1.396541   -0.646541 (VIOLATED)
_7338_/A1                               0.750000    1.396264   -0.646264 (VIOLATED)
fanout400/X                             0.750000    1.396247   -0.646247 (VIOLATED)
_4941_/B                                0.750000    1.380608   -0.630608 (VIOLATED)
_4939_/C                                0.750000    1.380598   -0.630598 (VIOLATED)
_5439_/B1                               0.750000    1.380588   -0.630588 (VIOLATED)
_5504_/D                                0.750000    1.380564   -0.630564 (VIOLATED)
_5568_/C                                0.750000    1.380554   -0.630554 (VIOLATED)
_5685_/B1                               0.750000    1.380483   -0.630483 (VIOLATED)
_5752_/D                                0.750000    1.380358   -0.630358 (VIOLATED)
_5775_/D                                0.750000    1.380340   -0.630340 (VIOLATED)
_5777_/B1                               0.750000    1.380339   -0.630339 (VIOLATED)
_5774_/B                                0.750000    1.380311   -0.630311 (VIOLATED)
fanout226/X                             0.750000    1.380306   -0.630306 (VIOLATED)
_7031_/A                                0.750000    1.358136   -0.608136 (VIOLATED)
_5085_/A                                0.750000    1.358134   -0.608134 (VIOLATED)
_5084_/A                                0.750000    1.358129   -0.608129 (VIOLATED)
_5253_/A                                0.750000    1.358050   -0.608050 (VIOLATED)
_5041_/B1                               0.750000    1.358039   -0.608039 (VIOLATED)
_5468_/A                                0.750000    1.357972   -0.607972 (VIOLATED)
_5537_/A                                0.750000    1.357971   -0.607971 (VIOLATED)
_5536_/B1                               0.750000    1.357962   -0.607962 (VIOLATED)
fanout137/A                             0.750000    1.357919   -0.607919 (VIOLATED)
fanout138/X                             0.750000    1.357919   -0.607919 (VIOLATED)
_7469_/A                                0.750000    1.349811   -0.599811 (VIOLATED)
_7631_/A                                0.750000    1.349811   -0.599811 (VIOLATED)
_7803_/A                                0.750000    1.349780   -0.599780 (VIOLATED)
_7862_/A                                0.750000    1.349778   -0.599778 (VIOLATED)
_7936_/A                                0.750000    1.349775   -0.599775 (VIOLATED)
_8012_/A                                0.750000    1.349759   -0.599759 (VIOLATED)
_8013_/A                                0.750000    1.349758   -0.599758 (VIOLATED)
_8085_/A                                0.750000    1.349754   -0.599754 (VIOLATED)
_8155_/A                                0.750000    1.349751   -0.599751 (VIOLATED)
_8231_/B1                               0.750000    1.349751   -0.599751 (VIOLATED)
fanout197/X                             0.750000    1.349751   -0.599751 (VIOLATED)
_5445_/B                                0.750000    1.326066   -0.576066 (VIOLATED)
_4994_/B                                0.750000    1.326064   -0.576064 (VIOLATED)
_5578_/C                                0.750000    1.326033   -0.576033 (VIOLATED)
_5634_/B                                0.750000    1.325958   -0.575958 (VIOLATED)
_5803_/B                                0.750000    1.325817   -0.575817 (VIOLATED)
_5765_/C                                0.750000    1.325771   -0.575771 (VIOLATED)
_5761_/B                                0.750000    1.325746   -0.575746 (VIOLATED)
_6154_/B2                               0.750000    1.325675   -0.575675 (VIOLATED)
_6151_/B                                0.750000    1.325667   -0.575667 (VIOLATED)
_6223_/B                                0.750000    1.325641   -0.575641 (VIOLATED)
fanout220/X                             0.750000    1.325271   -0.575271 (VIOLATED)
_8106_/C                                0.750000    1.322453   -0.572454 (VIOLATED)
fanout344/A                             0.750000    1.322448   -0.572448 (VIOLATED)
fanout347/A                             0.750000    1.322336   -0.572336 (VIOLATED)
_4673_/A0                               0.750000    1.322260   -0.572260 (VIOLATED)
_4936_/A                                0.750000    1.322260   -0.572260 (VIOLATED)
_7377_/A1                               0.750000    1.322254   -0.572254 (VIOLATED)
fanout348/X                             0.750000    1.322241   -0.572241 (VIOLATED)
_5580_/A2                               0.750000    1.319244   -0.569244 (VIOLATED)
_5696_/B                                0.750000    1.319208   -0.569208 (VIOLATED)
_5698_/A2                               0.750000    1.319206   -0.569206 (VIOLATED)
_5785_/B                                0.750000    1.319013   -0.569013 (VIOLATED)
_5787_/A2                               0.750000    1.319008   -0.569008 (VIOLATED)
_5878_/B                                0.750000    1.318992   -0.568992 (VIOLATED)
_5880_/B                                0.750000    1.318945   -0.568945 (VIOLATED)
_6083_/B                                0.750000    1.318837   -0.568837 (VIOLATED)
_6286_/B                                0.750000    1.318797   -0.568797 (VIOLATED)
_6491_/B1                               0.750000    1.318797   -0.568797 (VIOLATED)
fanout219/X                             0.750000    1.318781   -0.568781 (VIOLATED)
_4996_/A1                               0.750000    1.287106   -0.537106 (VIOLATED)
_4989_/C                                0.750000    1.287104   -0.537104 (VIOLATED)
_5446_/A2                               0.750000    1.287104   -0.537104 (VIOLATED)
_5511_/C1                               0.750000    1.287076   -0.537076 (VIOLATED)
_5767_/B1                               0.750000    1.287039   -0.537039 (VIOLATED)
_5962_/C                                0.750000    1.287019   -0.537019 (VIOLATED)
_5881_/A2                               0.750000    1.286721   -0.536721 (VIOLATED)
_6082_/B1                               0.750000    1.286643   -0.536643 (VIOLATED)
_6224_/B1                               0.750000    1.286547   -0.536547 (VIOLATED)
_6222_/B                                0.750000    1.286529   -0.536529 (VIOLATED)
fanout221/X                             0.750000    1.286524   -0.536524 (VIOLATED)
_6309_/B                                0.750000    1.285505   -0.535505 (VIOLATED)
_6346_/A2                               0.750000    1.285499   -0.535499 (VIOLATED)
_6098_/B                                0.750000    1.285490   -0.535490 (VIOLATED)
_5698_/A1                               0.750000    1.285438   -0.535438 (VIOLATED)
_5696_/A                                0.750000    1.285405   -0.535405 (VIOLATED)
_4975_/B1                               0.750000    1.285329   -0.535329 (VIOLATED)
_5577_/A                                0.750000    1.285308   -0.535308 (VIOLATED)
_5847_/B                                0.750000    1.285298   -0.535298 (VIOLATED)
_5980_/A2                               0.750000    1.285293   -0.535293 (VIOLATED)
_5439_/B2                               0.750000    1.285252   -0.535252 (VIOLATED)
fanout185/X                             0.750000    1.284901   -0.534901 (VIOLATED)
_4761_/A1                               0.750000    1.282519   -0.532519 (VIOLATED)
_5710_/B                                0.750000    1.282515   -0.532515 (VIOLATED)
_5980_/A1                               0.750000    1.282503   -0.532503 (VIOLATED)
_5847_/A                                0.750000    1.282501   -0.532501 (VIOLATED)
_6515_/A                                0.750000    1.282479   -0.532479 (VIOLATED)
_6248_/A                                0.750000    1.282476   -0.532476 (VIOLATED)
_6250_/A1                               0.750000    1.282476   -0.532476 (VIOLATED)
_6319_/A                                0.750000    1.282476   -0.532476 (VIOLATED)
_6333_/A                                0.750000    1.282476   -0.532476 (VIOLATED)
_6568_/A1                               0.750000    1.282476   -0.532476 (VIOLATED)
fanout272/X                             0.750000    1.282476   -0.532476 (VIOLATED)
fanout285/A                             0.750000    1.282055   -0.532055 (VIOLATED)
fanout284/A                             0.750000    1.282046   -0.532046 (VIOLATED)
_6481_/B                                0.750000    1.281819   -0.531819 (VIOLATED)
_6484_/A2                               0.750000    1.281813   -0.531813 (VIOLATED)
_6425_/B                                0.750000    1.281806   -0.531806 (VIOLATED)
_4842_/B1                               0.750000    1.281644   -0.531644 (VIOLATED)
_4849_/B1                               0.750000    1.281644   -0.531644 (VIOLATED)
_4888_/B1                               0.750000    1.281644   -0.531644 (VIOLATED)
_4898_/B1                               0.750000    1.281644   -0.531644 (VIOLATED)
_4946_/B1                               0.750000    1.281644   -0.531644 (VIOLATED)
fanout286/X                             0.750000    1.281644   -0.531644 (VIOLATED)
_6326_/B                                0.750000    1.281442   -0.531442 (VIOLATED)
_5906_/B                                0.750000    1.281429   -0.531429 (VIOLATED)
_5832_/B                                0.750000    1.281425   -0.531425 (VIOLATED)
_4905_/A2                               0.750000    1.281407   -0.531407 (VIOLATED)
_4922_/A0                               0.750000    1.281406   -0.531406 (VIOLATED)
_4966_/A0                               0.750000    1.281406   -0.531406 (VIOLATED)
_5570_/A1                               0.750000    1.281406   -0.531406 (VIOLATED)
fanout188/X                             0.750000    1.281406   -0.531406 (VIOLATED)
_5872_/A                                0.750000    1.250240   -0.500240 (VIOLATED)
_6076_/A                                0.750000    1.250239   -0.500239 (VIOLATED)
_6666_/B                                0.750000    1.250236   -0.500236 (VIOLATED)
_6703_/B1                               0.750000    1.250236   -0.500236 (VIOLATED)
_6636_/B                                0.750000    1.250235   -0.500235 (VIOLATED)
_6515_/B                                0.750000    1.250234   -0.500234 (VIOLATED)
_6464_/D                                0.750000    1.250232   -0.500232 (VIOLATED)
_6465_/B1                               0.750000    1.250232   -0.500232 (VIOLATED)
_6568_/B1                               0.750000    1.250232   -0.500232 (VIOLATED)
_6697_/B                                0.750000    1.250232   -0.500232 (VIOLATED)
fanout262/X                             0.750000    1.250232   -0.500232 (VIOLATED)
fanout370/A                             0.750000    1.218233   -0.468233 (VIOLATED)
_8564_/A1                               0.750000    1.218222   -0.468222 (VIOLATED)
_8561_/A                                0.750000    1.218216   -0.468216 (VIOLATED)
_8621_/C                                0.750000    1.218191   -0.468191 (VIOLATED)
_8676_/A1_N                             0.750000    1.218171   -0.468171 (VIOLATED)
_4749_/B2                               0.750000    1.217690   -0.467690 (VIOLATED)
_4667_/A0                               0.750000    1.217689   -0.467689 (VIOLATED)
_4750_/B2                               0.750000    1.217689   -0.467689 (VIOLATED)
_7406_/A0                               0.750000    1.217689   -0.467689 (VIOLATED)
fanout371/X                             0.750000    1.217689   -0.467689 (VIOLATED)
_7479_/A                                0.750000    1.214825   -0.464825 (VIOLATED)
_7480_/B1                               0.750000    1.214825   -0.464825 (VIOLATED)
_7582_/A                                0.750000    1.214821   -0.464821 (VIOLATED)
_7630_/A                                0.750000    1.214780   -0.464780 (VIOLATED)
_7686_/A                                0.750000    1.214761   -0.464761 (VIOLATED)
_7802_/A                                0.750000    1.214708   -0.464708 (VIOLATED)
_7861_/A                                0.750000    1.214697   -0.464697 (VIOLATED)
_7937_/A                                0.750000    1.214676   -0.464676 (VIOLATED)
_8084_/A                                0.750000    1.214308   -0.464308 (VIOLATED)
_8154_/A                                0.750000    1.214303   -0.464303 (VIOLATED)
fanout196/X                             0.750000    1.214301   -0.464301 (VIOLATED)
_4790_/B                                0.750000    1.211954   -0.461954 (VIOLATED)
_5046_/A2                               0.750000    1.211952   -0.461952 (VIOLATED)
_5264_/A1                               0.750000    1.211951   -0.461951 (VIOLATED)
_4866_/A1                               0.750000    1.211890   -0.461890 (VIOLATED)
_4789_/B                                0.750000    1.211868   -0.461868 (VIOLATED)
_5753_/A1                               0.750000    1.211752   -0.461752 (VIOLATED)
_6223_/A                                0.750000    1.211690   -0.461690 (VIOLATED)
fanout243/A                             0.750000    1.211596   -0.461596 (VIOLATED)
fanout244/X                             0.750000    1.211573   -0.461573 (VIOLATED)
_8528_/A                                0.750000    1.205303   -0.455303 (VIOLATED)
_8467_/A1                               0.750000    1.205295   -0.455295 (VIOLATED)
_8176_/C                                0.750000    1.205209   -0.455209 (VIOLATED)
_4650_/A                                0.750000    1.205163   -0.455163 (VIOLATED)
_8104_/C                                0.750000    1.205049   -0.455049 (VIOLATED)
_8038_/C                                0.750000    1.204961   -0.454961 (VIOLATED)
_7959_/C                                0.750000    1.204917   -0.454917 (VIOLATED)
_7503_/D                                0.750000    1.204246   -0.454246 (VIOLATED)
_7521_/D                                0.750000    1.204226   -0.454227 (VIOLATED)
_7563_/D                                0.750000    1.204210   -0.454210 (VIOLATED)
fanout336/X                             0.750000    1.204208   -0.454209 (VIOLATED)
fanout342/A                             0.750000    1.193535   -0.443535 (VIOLATED)
_7563_/C                                0.750000    1.193492   -0.443492 (VIOLATED)
fanout341/A                             0.750000    1.193484   -0.443484 (VIOLATED)
_4933_/A                                0.750000    1.193451   -0.443451 (VIOLATED)
_4674_/A0                               0.750000    1.193446   -0.443446 (VIOLATED)
_7380_/A1                               0.750000    1.193422   -0.443422 (VIOLATED)
fanout343/X                             0.750000    1.193122   -0.443122 (VIOLATED)
_6424_/C                                0.750000    1.178065   -0.428065 (VIOLATED)
_4851_/B                                0.750000    1.178063   -0.428063 (VIOLATED)
_6482_/A3                               0.750000    1.178064   -0.428063 (VIOLATED)
_5765_/B                                0.750000    1.178063   -0.428063 (VIOLATED)
_6238_/C                                0.750000    1.178061   -0.428061 (VIOLATED)
_4852_/B                                0.750000    1.178054   -0.428054 (VIOLATED)
_6237_/C                                0.750000    1.178039   -0.428039 (VIOLATED)
_6108_/C                                0.750000    1.178037   -0.428037 (VIOLATED)
_5829_/C                                0.750000    1.178027   -0.428027 (VIOLATED)
_5831_/C                                0.750000    1.178027   -0.428027 (VIOLATED)
fanout210/X                             0.750000    1.178027   -0.428027 (VIOLATED)
_4940_/A                                0.750000    1.171339   -0.421339 (VIOLATED)
_4941_/A                                0.750000    1.171338   -0.421338 (VIOLATED)
_5300_/A1                               0.750000    1.171329   -0.421329 (VIOLATED)
_5026_/A                                0.750000    1.171325   -0.421325 (VIOLATED)
_5439_/A2                               0.750000    1.171274   -0.421274 (VIOLATED)
_5504_/C                                0.750000    1.171235   -0.421235 (VIOLATED)
_5687_/B                                0.750000    1.171033   -0.421033 (VIOLATED)
_5752_/C                                0.750000    1.170778   -0.420778 (VIOLATED)
_5775_/C                                0.750000    1.170721   -0.420721 (VIOLATED)
_5777_/A2                               0.750000    1.170707   -0.420707 (VIOLATED)
fanout228/X                             0.750000    1.170704   -0.420704 (VIOLATED)
_5776_/A                                0.750000    1.168915   -0.418915 (VIOLATED)
_5877_/A                                0.750000    1.168909   -0.418909 (VIOLATED)
_6522_/A2                               0.750000    1.168860   -0.418860 (VIOLATED)
_6519_/B                                0.750000    1.168854   -0.418854 (VIOLATED)
_6644_/B                                0.750000    1.168841   -0.418841 (VIOLATED)
_6646_/B1                               0.750000    1.168840   -0.418840 (VIOLATED)
_6695_/B                                0.750000    1.168839   -0.418839 (VIOLATED)
_6643_/B                                0.750000    1.168836   -0.418837 (VIOLATED)
_6706_/A2                               0.750000    1.168836   -0.418836 (VIOLATED)
_6409_/B                                0.750000    1.168830   -0.418830 (VIOLATED)
fanout241/X                             0.750000    1.168830   -0.418830 (VIOLATED)
_4991_/A                                0.750000    1.166254   -0.416254 (VIOLATED)
_4669_/A0                               0.750000    1.166243   -0.416243 (VIOLATED)
fanout362/A                             0.750000    1.166206   -0.416206 (VIOLATED)
fanout361/A                             0.750000    1.166090   -0.416090 (VIOLATED)
fanout364/A                             0.750000    1.165828   -0.415827 (VIOLATED)
fanout363/A                             0.750000    1.165739   -0.415739 (VIOLATED)
_7363_/A1                               0.750000    1.165643   -0.415643 (VIOLATED)
fanout365/X                             0.750000    1.165643   -0.415643 (VIOLATED)
_5778_/A1                               0.750000    1.141789   -0.391789 (VIOLATED)
_5873_/A                                0.750000    1.141789   -0.391789 (VIOLATED)
_6080_/A                                0.750000    1.141780   -0.391780 (VIOLATED)
_6081_/A                                0.750000    1.141777   -0.391777 (VIOLATED)
_6564_/B                                0.750000    1.141726   -0.391726 (VIOLATED)
_6602_/A2                               0.750000    1.141723   -0.391723 (VIOLATED)
_6671_/B                                0.750000    1.141722   -0.391722 (VIOLATED)
_6692_/B                                0.750000    1.141719   -0.391719 (VIOLATED)
_6698_/A2                               0.750000    1.141716   -0.391716 (VIOLATED)
_6467_/B                                0.750000    1.141715   -0.391715 (VIOLATED)
fanout243/X                             0.750000    1.141715   -0.391715 (VIOLATED)
_5821_/B                                0.750000    1.131188   -0.381188 (VIOLATED)
_5857_/B                                0.750000    1.131183   -0.381183 (VIOLATED)
_5892_/A3                               0.750000    1.131171   -0.381171 (VIOLATED)
_6093_/B                                0.750000    1.131149   -0.381149 (VIOLATED)
_6095_/A2                               0.750000    1.131146   -0.381146 (VIOLATED)
_6042_/B                                0.750000    1.131064   -0.381064 (VIOLATED)
_6784_/A2                               0.750000    1.131049   -0.381049 (VIOLATED)
_4975_/A2                               0.750000    1.130709   -0.380709 (VIOLATED)
_4952_/A1                               0.750000    1.130707   -0.380707 (VIOLATED)
_5026_/C                                0.750000    1.130701   -0.380701 (VIOLATED)
fanout183/X                             0.750000    1.130701   -0.380701 (VIOLATED)
_5031_/A                                0.750000    1.110083   -0.360083 (VIOLATED)
_5030_/A                                0.750000    1.110082   -0.360082 (VIOLATED)
_5001_/A                                0.750000    1.110076   -0.360076 (VIOLATED)
_4999_/A                                0.750000    1.110071   -0.360071 (VIOLATED)
_5000_/A                                0.750000    1.110071   -0.360071 (VIOLATED)
_5302_/A_N                              0.750000    1.110068   -0.360068 (VIOLATED)
_5373_/A                                0.750000    1.110067   -0.360068 (VIOLATED)
_5372_/A_N                              0.750000    1.110067   -0.360067 (VIOLATED)
_5442_/A_N                              0.750000    1.110066   -0.360066 (VIOLATED)
_5447_/A                                0.750000    1.110066   -0.360066 (VIOLATED)
fanout156/X                             0.750000    1.110066   -0.360066 (VIOLATED)
_5821_/A                                0.750000    1.109899   -0.359899 (VIOLATED)
_6098_/A                                0.750000    1.109898   -0.359898 (VIOLATED)
_6173_/A                                0.750000    1.109897   -0.359897 (VIOLATED)
_6566_/A                                0.750000    1.109863   -0.359863 (VIOLATED)
_6603_/A                                0.750000    1.109862   -0.359862 (VIOLATED)
_6608_/A1                               0.750000    1.109862   -0.359862 (VIOLATED)
_6638_/A                                0.750000    1.109862   -0.359862 (VIOLATED)
_6640_/A1                               0.750000    1.109862   -0.359862 (VIOLATED)
_6666_/A                                0.750000    1.109862   -0.359862 (VIOLATED)
_6703_/A1                               0.750000    1.109862   -0.359862 (VIOLATED)
fanout246/X                             0.750000    1.109862   -0.359862 (VIOLATED)
_4780_/A                                0.750000    1.098977   -0.348977 (VIOLATED)
_5048_/A1                               0.750000    1.098974   -0.348974 (VIOLATED)
_5086_/A1                               0.750000    1.098971   -0.348971 (VIOLATED)
_5047_/A1                               0.750000    1.098964   -0.348964 (VIOLATED)
_5042_/A                                0.750000    1.098963   -0.348963 (VIOLATED)
_6491_/B2                               0.750000    1.098604   -0.348604 (VIOLATED)
fanout265/A                             0.750000    1.098600   -0.348600 (VIOLATED)
fanout266/X                             0.750000    1.098600   -0.348600 (VIOLATED)
_5297_/B                                0.750000    1.081775   -0.331775 (VIOLATED)
_5299_/A1                               0.750000    1.081771   -0.331771 (VIOLATED)
_5368_/B                                0.750000    1.081770   -0.331770 (VIOLATED)
_5298_/B                                0.750000    1.081762   -0.331763 (VIOLATED)
_5438_/B                                0.750000    1.081758   -0.331758 (VIOLATED)
_5570_/B1                               0.750000    1.081701   -0.331701 (VIOLATED)
_5506_/B1                               0.750000    1.081670   -0.331670 (VIOLATED)
_5624_/C                                0.750000    1.081210   -0.331210 (VIOLATED)
_5753_/B1                               0.750000    1.081082   -0.331082 (VIOLATED)
_5933_/B1                               0.750000    1.081082   -0.331082 (VIOLATED)
fanout227/X                             0.750000    1.081082   -0.331082 (VIOLATED)
_4713_/B                                0.750000    1.067516   -0.317516 (VIOLATED)
_5987_/A                                0.750000    1.067511   -0.317511 (VIOLATED)
_4734_/A                                0.750000    1.067510   -0.317510 (VIOLATED)
_5989_/A                                0.750000    1.067509   -0.317509 (VIOLATED)
_4953_/A1                               0.750000    1.067496   -0.317496 (VIOLATED)
_4951_/A                                0.750000    1.067495   -0.317495 (VIOLATED)
_4760_/A                                0.750000    1.067492   -0.317492 (VIOLATED)
_4994_/A                                0.750000    1.067490   -0.317490 (VIOLATED)
_4932_/A                                0.750000    1.067487   -0.317487 (VIOLATED)
_4998_/A1                               0.750000    1.067487   -0.317487 (VIOLATED)
fanout190/X                             0.750000    1.067487   -0.317487 (VIOLATED)
_8864_/A                                0.750000    1.067021   -0.317021 (VIOLATED)
_8902_/B2                               0.750000    1.067018   -0.317018 (VIOLATED)
_8865_/B                                0.750000    1.067017   -0.317017 (VIOLATED)
_8823_/A                                0.750000    1.067010   -0.317010 (VIOLATED)
_8782_/A                                0.750000    1.067004   -0.317004 (VIOLATED)
_8741_/A                                0.750000    1.066983   -0.316983 (VIOLATED)
_8737_/A1_N                             0.750000    1.066963   -0.316963 (VIOLATED)
_8694_/C                                0.750000    1.066935   -0.316935 (VIOLATED)
_8512_/C                                0.750000    1.066818   -0.316818 (VIOLATED)
_8574_/A1_N                             0.750000    1.066815   -0.316815 (VIOLATED)
fanout384/X                             0.750000    1.066815   -0.316815 (VIOLATED)
_5025_/A                                0.750000    1.066260   -0.316260 (VIOLATED)
_5299_/B1                               0.750000    1.066257   -0.316257 (VIOLATED)
_5367_/C                                0.750000    1.066254   -0.316254 (VIOLATED)
_5506_/A2                               0.750000    1.066214   -0.316215 (VIOLATED)
_5570_/A2                               0.750000    1.066210   -0.316210 (VIOLATED)
_5503_/B                                0.750000    1.066199   -0.316199 (VIOLATED)
_5625_/C                                0.750000    1.066137   -0.316137 (VIOLATED)
_5626_/B                                0.750000    1.066088   -0.316088 (VIOLATED)
_5686_/B                                0.750000    1.066066   -0.316066 (VIOLATED)
_5753_/A2                               0.750000    1.065586   -0.315586 (VIOLATED)
fanout230/X                             0.750000    1.065584   -0.315584 (VIOLATED)
_4666_/S                                0.750000    1.065437   -0.315437 (VIOLATED)
_4664_/S                                0.750000    1.065436   -0.315436 (VIOLATED)
_4663_/S                                0.750000    1.065429   -0.315429 (VIOLATED)
_4665_/S                                0.750000    1.065427   -0.315427 (VIOLATED)
_4668_/S                                0.750000    1.065413   -0.315413 (VIOLATED)
_4667_/S                                0.750000    1.065377   -0.315377 (VIOLATED)
_4662_/S                                0.750000    1.065333   -0.315333 (VIOLATED)
_4661_/S                                0.750000    1.065332   -0.315332 (VIOLATED)
_4660_/S                                0.750000    1.065309   -0.315309 (VIOLATED)
_4682_/A2                               0.750000    1.065263   -0.315263 (VIOLATED)
fanout311/X                             0.750000    1.065263   -0.315263 (VIOLATED)
_4777_/B2                               0.750000    1.047333   -0.297333 (VIOLATED)
_7414_/A0                               0.750000    1.047333   -0.297333 (VIOLATED)
_4776_/B2                               0.750000    1.047330   -0.297330 (VIOLATED)
_4675_/A0                               0.750000    1.047265   -0.297265 (VIOLATED)
fanout337/A                             0.750000    1.047253   -0.297253 (VIOLATED)
fanout336/A                             0.750000    1.047251   -0.297251 (VIOLATED)
_7382_/A1                               0.750000    1.046950   -0.296950 (VIOLATED)
fanout338/X                             0.750000    1.046950   -0.296950 (VIOLATED)
_7349_/B                                0.750000    1.045613   -0.295613 (VIOLATED)
_7352_/B                                0.750000    1.045613   -0.295613 (VIOLATED)
_7358_/A                                0.750000    1.045607   -0.295607 (VIOLATED)
_7334_/A                                0.750000    1.045604   -0.295604 (VIOLATED)
_7343_/A                                0.750000    1.045604   -0.295604 (VIOLATED)
_7346_/B                                0.750000    1.045603   -0.295603 (VIOLATED)
_7355_/A                                0.750000    1.045600   -0.295600 (VIOLATED)
_7337_/B                                0.750000    1.045587   -0.295587 (VIOLATED)
_7340_/B                                0.750000    1.045587   -0.295587 (VIOLATED)
_7361_/B1                               0.750000    1.045587   -0.295587 (VIOLATED)
fanout132/X                             0.750000    1.045587   -0.295587 (VIOLATED)
_4747_/B2                               0.750000    1.044980   -0.294980 (VIOLATED)
_7405_/A0                               0.750000    1.044978   -0.294978 (VIOLATED)
_4746_/B2                               0.750000    1.044972   -0.294972 (VIOLATED)
_4666_/A0                               0.750000    1.044956   -0.294956 (VIOLATED)
_8636_/A1                               0.750000    1.044777   -0.294777 (VIOLATED)
_8576_/A                                0.750000    1.044409   -0.294409 (VIOLATED)
_8577_/A1                               0.750000    1.044396   -0.294396 (VIOLATED)
_8511_/A1                               0.750000    1.044386   -0.294386 (VIOLATED)
fanout375/A                             0.750000    1.044386   -0.294386 (VIOLATED)
fanout376/X                             0.750000    1.044386   -0.294386 (VIOLATED)
_7408_/A2                               0.750000    1.043489   -0.293489 (VIOLATED)
_7410_/A2                               0.750000    1.043482   -0.293482 (VIOLATED)
_7409_/A2                               0.750000    1.043453   -0.293453 (VIOLATED)
_7411_/A2                               0.750000    1.043429   -0.293429 (VIOLATED)
_7412_/A2                               0.750000    1.043403   -0.293403 (VIOLATED)
_7413_/A2                               0.750000    1.043387   -0.293387 (VIOLATED)
_7414_/S                                0.750000    1.043337   -0.293337 (VIOLATED)
fanout293/A                             0.750000    1.043077   -0.293077 (VIOLATED)
fanout294/X                             0.750000    1.043058   -0.293058 (VIOLATED)
_4820_/B                                0.750000    1.033403   -0.283403 (VIOLATED)
_5758_/A                                0.750000    1.033403   -0.283403 (VIOLATED)
_5760_/A                                0.750000    1.033403   -0.283403 (VIOLATED)
_4818_/A                                0.750000    1.033398   -0.283398 (VIOLATED)
_4819_/A                                0.750000    1.033397   -0.283397 (VIOLATED)
_6414_/B                                0.750000    1.033373   -0.283373 (VIOLATED)
_6574_/B                                0.750000    1.033370   -0.283370 (VIOLATED)
_6415_/B                                0.750000    1.033361   -0.283361 (VIOLATED)
_6180_/B                                0.750000    1.033357   -0.283357 (VIOLATED)
_6181_/B                                0.750000    1.033357   -0.283357 (VIOLATED)
fanout240/X                             0.750000    1.033357   -0.283357 (VIOLATED)
fanout305/A                             0.750000    1.033299   -0.283300 (VIOLATED)
_7110_/S                                0.750000    1.033290   -0.283290 (VIOLATED)
_7430_/S                                0.750000    1.033284   -0.283284 (VIOLATED)
_7429_/S                                0.750000    1.033272   -0.283272 (VIOLATED)
fanout302/A                             0.750000    1.033234   -0.283234 (VIOLATED)
fanout306/X                             0.750000    1.033234   -0.283234 (VIOLATED)
_8518_/B2                               0.750000    1.026994   -0.276994 (VIOLATED)
_8374_/A                                0.750000    1.026991   -0.276991 (VIOLATED)
_8448_/A                                0.750000    1.026990   -0.276990 (VIOLATED)
_8449_/B2                               0.750000    1.026984   -0.276984 (VIOLATED)
_8375_/B2                               0.750000    1.026966   -0.276966 (VIOLATED)
_8296_/B2                               0.750000    1.026947   -0.276947 (VIOLATED)
_8295_/A                                0.750000    1.026942   -0.276942 (VIOLATED)
_8218_/A                                0.750000    1.026931   -0.276931 (VIOLATED)
_7432_/A                                0.750000    1.026878   -0.276878 (VIOLATED)
_7344_/A1                               0.750000    1.026464   -0.276465 (VIOLATED)
fanout391/X                             0.750000    1.026464   -0.276465 (VIOLATED)
_4851_/A                                0.750000    1.024444   -0.274444 (VIOLATED)
_4860_/B                                0.750000    1.024443   -0.274443 (VIOLATED)
_4852_/A                                0.750000    1.024426   -0.274426 (VIOLATED)
_5765_/A                                0.750000    1.024398   -0.274398 (VIOLATED)
_6238_/B                                0.750000    1.024347   -0.274347 (VIOLATED)
_6482_/A2                               0.750000    1.024314   -0.274314 (VIOLATED)
_6424_/B                                0.750000    1.024286   -0.274286 (VIOLATED)
_6237_/B                                0.750000    1.024165   -0.274165 (VIOLATED)
_5829_/B                                0.750000    1.023852   -0.273852 (VIOLATED)
_6108_/B                                0.750000    1.023852   -0.273852 (VIOLATED)
fanout237/X                             0.750000    1.023852   -0.273852 (VIOLATED)
fanout318/A                             0.750000    1.016562   -0.266562 (VIOLATED)
_4934_/B2                               0.750000    1.016553   -0.266553 (VIOLATED)
_4935_/B2                               0.750000    1.016532   -0.266532 (VIOLATED)
_4937_/B2                               0.750000    1.016428   -0.266428 (VIOLATED)
_4938_/B2                               0.750000    1.016385   -0.266385 (VIOLATED)
fanout317/A                             0.750000    1.015872   -0.265872 (VIOLATED)
_4658_/A                                0.750000    1.015835   -0.265835 (VIOLATED)
fanout320/X                             0.750000    1.015835   -0.265835 (VIOLATED)
fanout275/A                             0.750000    1.006669   -0.256669 (VIOLATED)
fanout273/A                             0.750000    1.006664   -0.256664 (VIOLATED)
_4746_/Y                                0.750000    1.006643   -0.256643 (VIOLATED)
_8554_/A                                0.750000    1.004883   -0.254883 (VIOLATED)
_8486_/A                                0.750000    1.004878   -0.254878 (VIOLATED)
_8625_/B2                               0.750000    1.004876   -0.254876 (VIOLATED)
_8555_/A                                0.750000    1.004860   -0.254860 (VIOLATED)
_8489_/A1                               0.750000    1.004860   -0.254860 (VIOLATED)
_8340_/A                                0.750000    1.004856   -0.254856 (VIOLATED)
_8415_/A                                0.750000    1.004853   -0.254853 (VIOLATED)
_8258_/A                                0.750000    1.004827   -0.254827 (VIOLATED)
_8184_/A                                0.750000    1.004800   -0.254800 (VIOLATED)
_8112_/A                                0.750000    1.004790   -0.254790 (VIOLATED)
fanout358/X                             0.750000    1.004790   -0.254790 (VIOLATED)
_8915_/A1                               0.750000    1.004073   -0.254073 (VIOLATED)
_8877_/A                                0.750000    1.004069   -0.254069 (VIOLATED)
_8819_/B2                               0.750000    1.004062   -0.254062 (VIOLATED)
_8730_/A                                0.750000    1.004055   -0.254055 (VIOLATED)
_8729_/A                                0.750000    1.004042   -0.254042 (VIOLATED)
_8731_/A1_N                             0.750000    1.004037   -0.254037 (VIOLATED)
_8680_/C                                0.750000    1.004034   -0.254034 (VIOLATED)
_8494_/A                                0.750000    1.004028   -0.254028 (VIOLATED)
_8352_/A                                0.750000    1.004026   -0.254026 (VIOLATED)
_8426_/A                                0.750000    1.004026   -0.254026 (VIOLATED)
fanout370/X                             0.750000    1.004026   -0.254026 (VIOLATED)
_5005_/A1                               0.750000    0.998478   -0.248478 (VIOLATED)
_5010_/A                                0.750000    0.998478   -0.248478 (VIOLATED)
_5002_/A                                0.750000    0.998478   -0.248478 (VIOLATED)
_5011_/A1                               0.750000    0.998478   -0.248478 (VIOLATED)
_5295_/A                                0.750000    0.998476   -0.248476 (VIOLATED)
_5032_/A1                               0.750000    0.998470   -0.248470 (VIOLATED)
_5304_/A1                               0.750000    0.998461   -0.248461 (VIOLATED)
_5365_/A                                0.750000    0.998461   -0.248461 (VIOLATED)
_5374_/A1                               0.750000    0.998455   -0.248455 (VIOLATED)
_5436_/A                                0.750000    0.998455   -0.248455 (VIOLATED)
fanout157/X                             0.750000    0.998455   -0.248455 (VIOLATED)
fanout366/A                             0.750000    0.997312   -0.247312 (VIOLATED)
_8562_/B2                               0.750000    0.997306   -0.247306 (VIOLATED)
_4668_/A0                               0.750000    0.996676   -0.246676 (VIOLATED)
_4752_/B2                               0.750000    0.996631   -0.246631 (VIOLATED)
_4753_/B2                               0.750000    0.996631   -0.246631 (VIOLATED)
_7407_/A0                               0.750000    0.996631   -0.246631 (VIOLATED)
fanout367/X                             0.750000    0.996631   -0.246631 (VIOLATED)
_4809_/B                                0.750000    0.993576   -0.243576 (VIOLATED)
_4821_/A0                               0.750000    0.993566   -0.243566 (VIOLATED)
_5796_/A                                0.750000    0.993551   -0.243552 (VIOLATED)
_5753_/B2                               0.750000    0.993529   -0.243529 (VIOLATED)
_6151_/A                                0.750000    0.993480   -0.243480 (VIOLATED)
_6081_/B                                0.750000    0.993464   -0.243464 (VIOLATED)
fanout241/A                             0.750000    0.993319   -0.243319 (VIOLATED)
fanout242/X                             0.750000    0.993041   -0.243041 (VIOLATED)
_4935_/A1                               0.750000    0.992051   -0.242051 (VIOLATED)
fanout334/A                             0.750000    0.992050   -0.242050 (VIOLATED)
_4937_/A1                               0.750000    0.992040   -0.242040 (VIOLATED)
_4938_/A1                               0.750000    0.992039   -0.242039 (VIOLATED)
_4879_/B2                               0.750000    0.992018   -0.242018 (VIOLATED)
fanout333/A                             0.750000    0.992015   -0.242016 (VIOLATED)
fanout332/A                             0.750000    0.992012   -0.242012 (VIOLATED)
fanout335/X                             0.750000    0.992012   -0.242012 (VIOLATED)
_5321_/B1                               0.750000    0.989257   -0.239257 (VIOLATED)
_5322_/A                                0.750000    0.989257   -0.239257 (VIOLATED)
_5391_/B1                               0.750000    0.989253   -0.239253 (VIOLATED)
_5392_/A                                0.750000    0.989251   -0.239251 (VIOLATED)
_5467_/B1                               0.750000    0.989249   -0.239250 (VIOLATED)
_5601_/A                                0.750000    0.989244   -0.239244 (VIOLATED)
_5600_/B1                               0.750000    0.989233   -0.239233 (VIOLATED)
_5648_/B1                               0.750000    0.989227   -0.239227 (VIOLATED)
_5660_/A                                0.750000    0.989226   -0.239226 (VIOLATED)
_5728_/A                                0.750000    0.989221   -0.239221 (VIOLATED)
fanout137/X                             0.750000    0.989221   -0.239221 (VIOLATED)
_5777_/A1                               0.750000    0.986472   -0.236472 (VIOLATED)
_5775_/A                                0.750000    0.986471   -0.236472 (VIOLATED)
_5774_/A                                0.750000    0.986462   -0.236462 (VIOLATED)
_6380_/A1                               0.750000    0.986442   -0.236442 (VIOLATED)
_6150_/A                                0.750000    0.986438   -0.236438 (VIOLATED)
_6149_/A                                0.750000    0.986429   -0.236429 (VIOLATED)
_6287_/C_N                              0.750000    0.986425   -0.236425 (VIOLATED)
_6224_/B2                               0.750000    0.986409   -0.236409 (VIOLATED)
_6410_/B2                               0.750000    0.986268   -0.236268 (VIOLATED)
fanout264/A                             0.750000    0.986254   -0.236254 (VIOLATED)
fanout265/X                             0.750000    0.986251   -0.236251 (VIOLATED)
_6170_/B                                0.750000    0.983786   -0.233786 (VIOLATED)
_5961_/A                                0.750000    0.983785   -0.233785 (VIOLATED)
_6171_/B                                0.750000    0.983785   -0.233785 (VIOLATED)
_6296_/B                                0.750000    0.983785   -0.233785 (VIOLATED)
_6298_/B                                0.750000    0.983785   -0.233785 (VIOLATED)
_4845_/B                                0.750000    0.983783   -0.233783 (VIOLATED)
_5568_/A                                0.750000    0.983782   -0.233782 (VIOLATED)
_4844_/A                                0.750000    0.983773   -0.233773 (VIOLATED)
_5828_/B                                0.750000    0.983770   -0.233770 (VIOLATED)
_5830_/B                                0.750000    0.983770   -0.233770 (VIOLATED)
fanout239/X                             0.750000    0.983770   -0.233770 (VIOLATED)
_6095_/A1                               0.750000    0.983670   -0.233670 (VIOLATED)
_6093_/A                                0.750000    0.983666   -0.233666 (VIOLATED)
_4721_/C                                0.750000    0.983660   -0.233660 (VIOLATED)
_4739_/A1                               0.750000    0.983653   -0.233653 (VIOLATED)
_5892_/A1                               0.750000    0.983650   -0.233650 (VIOLATED)
_6298_/A                                0.750000    0.983597   -0.233597 (VIOLATED)
_6483_/A1                               0.750000    0.983547   -0.233547 (VIOLATED)
_6647_/A1                               0.750000    0.983200   -0.233200 (VIOLATED)
_6693_/A1                               0.750000    0.983192   -0.233192 (VIOLATED)
_6697_/A                                0.750000    0.983191   -0.233191 (VIOLATED)
fanout281/X                             0.750000    0.983191   -0.233191 (VIOLATED)
_4755_/C                                0.750000    0.979758   -0.229758 (VIOLATED)
_4761_/A2                               0.750000    0.979756   -0.229756 (VIOLATED)
_6316_/A                                0.750000    0.979744   -0.229744 (VIOLATED)
_6317_/A                                0.750000    0.979744   -0.229744 (VIOLATED)
_6320_/A1                               0.750000    0.979744   -0.229744 (VIOLATED)
_6408_/A                                0.750000    0.979744   -0.229744 (VIOLATED)
_6410_/A1                               0.750000    0.979744   -0.229744 (VIOLATED)
_6464_/A                                0.750000    0.979744   -0.229744 (VIOLATED)
_6465_/A1                               0.750000    0.979744   -0.229744 (VIOLATED)
_6568_/B2                               0.750000    0.979744   -0.229744 (VIOLATED)
fanout270/X                             0.750000    0.979744   -0.229744 (VIOLATED)
_5162_/A1                               0.750000    0.978483   -0.228483 (VIOLATED)
_5161_/A                                0.750000    0.978481   -0.228481 (VIOLATED)
_4779_/A                                0.750000    0.978475   -0.228475 (VIOLATED)
_5408_/A                                0.750000    0.978469   -0.228469 (VIOLATED)
_5477_/A                                0.750000    0.978468   -0.228468 (VIOLATED)
_6766_/A                                0.750000    0.978451   -0.228451 (VIOLATED)
_5937_/A                                0.750000    0.978440   -0.228440 (VIOLATED)
_5938_/A                                0.750000    0.978440   -0.228440 (VIOLATED)
_5869_/A                                0.750000    0.978427   -0.228427 (VIOLATED)
_6219_/A                                0.750000    0.978427   -0.228427 (VIOLATED)
fanout245/X                             0.750000    0.978427   -0.228427 (VIOLATED)
_8123_/A1                               0.750000    0.972303   -0.222303 (VIOLATED)
_8121_/B                                0.750000    0.972293   -0.222293 (VIOLATED)
_8195_/A1                               0.750000    0.972293   -0.222293 (VIOLATED)
_8055_/B                                0.750000    0.972269   -0.222269 (VIOLATED)
_8057_/B2                               0.750000    0.972268   -0.222268 (VIOLATED)
_7980_/B2                               0.750000    0.972235   -0.222235 (VIOLATED)
_5514_/A2                               0.750000    0.972231   -0.222231 (VIOLATED)
_4990_/C                                0.750000    0.972230   -0.222230 (VIOLATED)
_5512_/B                                0.750000    0.972228   -0.222228 (VIOLATED)
_7978_/B                                0.750000    0.972219   -0.222219 (VIOLATED)
_5577_/B                                0.750000    0.972216   -0.222216 (VIOLATED)
_7723_/B2                               0.750000    0.972148   -0.222148 (VIOLATED)
_7449_/B                                0.750000    0.972140   -0.222140 (VIOLATED)
_7450_/A2                               0.750000    0.972140   -0.222140 (VIOLATED)
fanout363/X                             0.750000    0.972140   -0.222140 (VIOLATED)
_8274_/B2                               0.750000    0.972092   -0.222092 (VIOLATED)
_8272_/A                                0.750000    0.972089   -0.222089 (VIOLATED)
_5961_/C                                0.750000    0.972067   -0.222067 (VIOLATED)
_6024_/B                                0.750000    0.972020   -0.222020 (VIOLATED)
_5806_/B                                0.750000    0.971921   -0.221921 (VIOLATED)
_5801_/A2                               0.750000    0.971919   -0.221919 (VIOLATED)
_5783_/C                                0.750000    0.971856   -0.221856 (VIOLATED)
_6082_/A2                               0.750000    0.971800   -0.221800 (VIOLATED)
_8193_/A                                0.750000    0.971735   -0.221735 (VIOLATED)
_8195_/B2                               0.750000    0.971722   -0.221722 (VIOLATED)
_8123_/B2                               0.750000    0.971703   -0.221703 (VIOLATED)
_8121_/A                                0.750000    0.971698   -0.221698 (VIOLATED)
_8055_/A                                0.750000    0.971678   -0.221678 (VIOLATED)
_8057_/A1                               0.750000    0.971644   -0.221644 (VIOLATED)
_7978_/A                                0.750000    0.971611   -0.221611 (VIOLATED)
_7449_/A                                0.750000    0.971522   -0.221522 (VIOLATED)
fanout368/X                             0.750000    0.971522   -0.221522 (VIOLATED)
fanout223/X                             0.750000    0.971503   -0.221503 (VIOLATED)
_5961_/B                                0.750000    0.961269   -0.211269 (VIOLATED)
_4845_/C                                0.750000    0.961266   -0.211266 (VIOLATED)
_6170_/C                                0.750000    0.961265   -0.211265 (VIOLATED)
_6171_/C                                0.750000    0.961264   -0.211264 (VIOLATED)
_6296_/C                                0.750000    0.961264   -0.211264 (VIOLATED)
_6298_/C                                0.750000    0.961264   -0.211264 (VIOLATED)
_5568_/B                                0.750000    0.961261   -0.211261 (VIOLATED)
_4844_/B                                0.750000    0.961255   -0.211255 (VIOLATED)
_5830_/C                                0.750000    0.961247   -0.211247 (VIOLATED)
_5828_/C                                0.750000    0.961247   -0.211247 (VIOLATED)
fanout212/X                             0.750000    0.961247   -0.211247 (VIOLATED)
_4798_/A                                0.750000    0.958683   -0.208683 (VIOLATED)
_4912_/A1                               0.750000    0.958683   -0.208683 (VIOLATED)
_4797_/A                                0.750000    0.958683   -0.208683 (VIOLATED)
_4829_/B1                               0.750000    0.958681   -0.208681 (VIOLATED)
_4945_/B1                               0.750000    0.958681   -0.208681 (VIOLATED)
_4839_/B1                               0.750000    0.958677   -0.208677 (VIOLATED)
_4895_/B1                               0.750000    0.958677   -0.208677 (VIOLATED)
_4847_/B1                               0.750000    0.958676   -0.208676 (VIOLATED)
_4877_/B1                               0.750000    0.958672   -0.208672 (VIOLATED)
_4858_/A1                               0.750000    0.958671   -0.208671 (VIOLATED)
fanout291/X                             0.750000    0.958671   -0.208671 (VIOLATED)
_6576_/B                                0.750000    0.952163   -0.202163 (VIOLATED)
load_slew209/A                          0.750000    0.952161   -0.202161 (VIOLATED)
_5766_/A                                0.750000    0.952160   -0.202160 (VIOLATED)
fanout206/A                             0.750000    0.952157   -0.202157 (VIOLATED)
_5904_/B                                0.750000    0.952148   -0.202148 (VIOLATED)
fanout208/X                             0.750000    0.952147   -0.202147 (VIOLATED)
_4754_/B                                0.750000    0.949783   -0.199783 (VIOLATED)
_5707_/A1                               0.750000    0.949778   -0.199778 (VIOLATED)
_4761_/A3                               0.750000    0.949777   -0.199777 (VIOLATED)
_5905_/A                                0.750000    0.949741   -0.199741 (VIOLATED)
_6111_/A1                               0.750000    0.949732   -0.199732 (VIOLATED)
_6320_/B2                               0.750000    0.949715   -0.199715 (VIOLATED)
_6331_/A                                0.750000    0.949715   -0.199715 (VIOLATED)
_6410_/B1                               0.750000    0.949715   -0.199715 (VIOLATED)
_6464_/B                                0.750000    0.949715   -0.199715 (VIOLATED)
_6465_/B2                               0.750000    0.949715   -0.199715 (VIOLATED)
fanout267/X                             0.750000    0.949715   -0.199715 (VIOLATED)
_5513_/A3                               0.750000    0.935334   -0.185334 (VIOLATED)
_5575_/C                                0.750000    0.935315   -0.185315 (VIOLATED)
_5632_/C                                0.750000    0.935294   -0.185294 (VIOLATED)
_5693_/C                                0.750000    0.935282   -0.185282 (VIOLATED)
_5805_/C                                0.750000    0.935225   -0.185225 (VIOLATED)
_5759_/C                                0.750000    0.935192   -0.185192 (VIOLATED)
_5782_/C                                0.750000    0.935186   -0.185186 (VIOLATED)
_5758_/C                                0.750000    0.935176   -0.185177 (VIOLATED)
_6080_/B                                0.750000    0.935165   -0.185165 (VIOLATED)
_6081_/D                                0.750000    0.935165   -0.185165 (VIOLATED)
fanout222/X                             0.750000    0.935165   -0.185165 (VIOLATED)
_8047_/A1_N                             0.750000    0.933958   -0.183958 (VIOLATED)
_8046_/C                                0.750000    0.933958   -0.183958 (VIOLATED)
_7968_/A1                               0.750000    0.933954   -0.183954 (VIOLATED)
_7967_/A                                0.750000    0.933941   -0.183941 (VIOLATED)
_7831_/A                                0.750000    0.933925   -0.183925 (VIOLATED)
_7899_/A1_N                             0.750000    0.933900   -0.183900 (VIOLATED)
_7661_/A                                0.750000    0.933876   -0.183876 (VIOLATED)
_7472_/A1                               0.750000    0.933872   -0.183872 (VIOLATED)
_7455_/A                                0.750000    0.933871   -0.183871 (VIOLATED)
_7458_/A1                               0.750000    0.933871   -0.183871 (VIOLATED)
fanout359/X                             0.750000    0.933871   -0.183871 (VIOLATED)
_8459_/A                                0.750000    0.925944   -0.175944 (VIOLATED)
_8465_/A                                0.750000    0.925942   -0.175942 (VIOLATED)
_8464_/A                                0.750000    0.925930   -0.175930 (VIOLATED)
_8388_/A                                0.750000    0.925929   -0.175929 (VIOLATED)
_8390_/A                                0.750000    0.925919   -0.175919 (VIOLATED)
_8310_/A                                0.750000    0.925911   -0.175911 (VIOLATED)
_8314_/A                                0.750000    0.925897   -0.175897 (VIOLATED)
_8230_/A                                0.750000    0.925884   -0.175884 (VIOLATED)
_7438_/B                                0.750000    0.925877   -0.175877 (VIOLATED)
_7439_/B                                0.750000    0.925877   -0.175877 (VIOLATED)
fanout287/X                             0.750000    0.925877   -0.175877 (VIOLATED)
_4820_/C                                0.750000    0.922707   -0.172707 (VIOLATED)
_5760_/B                                0.750000    0.922706   -0.172707 (VIOLATED)
_5758_/B                                0.750000    0.922706   -0.172706 (VIOLATED)
_4818_/B                                0.750000    0.922701   -0.172701 (VIOLATED)
_4819_/B                                0.750000    0.922697   -0.172697 (VIOLATED)
_6415_/C                                0.750000    0.922685   -0.172685 (VIOLATED)
_6414_/C                                0.750000    0.922682   -0.172682 (VIOLATED)
_6574_/C                                0.750000    0.922656   -0.172656 (VIOLATED)
_6180_/C                                0.750000    0.922643   -0.172643 (VIOLATED)
_6181_/C                                0.750000    0.922639   -0.172639 (VIOLATED)
fanout256/X                             0.750000    0.922639   -0.172639 (VIOLATED)
_4722_/A1                               0.750000    0.915247   -0.165247 (VIOLATED)
_5889_/A                                0.750000    0.915246   -0.165246 (VIOLATED)
_6094_/B2                               0.750000    0.915244   -0.165244 (VIOLATED)
_6534_/A1                               0.750000    0.915230   -0.165230 (VIOLATED)
_6575_/A                                0.750000    0.915230   -0.165230 (VIOLATED)
_6530_/A                                0.750000    0.915229   -0.165229 (VIOLATED)
_6646_/B2                               0.750000    0.915227   -0.165227 (VIOLATED)
_6613_/A                                0.750000    0.915221   -0.165222 (VIOLATED)
_6671_/A                                0.750000    0.915216   -0.165216 (VIOLATED)
_6692_/A                                0.750000    0.915216   -0.165216 (VIOLATED)
fanout282/X                             0.750000    0.915216   -0.165216 (VIOLATED)
_4732_/A1                               0.750000    0.911437   -0.161437 (VIOLATED)
_4680_/A1                               0.750000    0.911434   -0.161434 (VIOLATED)
_4679_/A1                               0.750000    0.911433   -0.161433 (VIOLATED)
_4733_/A1                               0.750000    0.911432   -0.161432 (VIOLATED)
_4724_/A                                0.750000    0.911421   -0.161421 (VIOLATED)
_4772_/A_N                              0.750000    0.911421   -0.161421 (VIOLATED)
_4781_/A                                0.750000    0.911421   -0.161421 (VIOLATED)
_4782_/B1_N                             0.750000    0.911421   -0.161421 (VIOLATED)
fanout331/A                             0.750000    0.911421   -0.161421 (VIOLATED)
fanout332/X                             0.750000    0.911421   -0.161421 (VIOLATED)
fanout466/A                             0.750000    0.909530   -0.159530 (VIOLATED)
_8564_/A2                               0.750000    0.909498   -0.159498 (VIOLATED)
fanout464/A                             0.750000    0.909493   -0.159493 (VIOLATED)
_8636_/A2                               0.750000    0.909456   -0.159456 (VIOLATED)
_8635_/C                                0.750000    0.909438   -0.159438 (VIOLATED)
_8693_/B1                               0.750000    0.909148   -0.159148 (VIOLATED)
fanout462/A                             0.750000    0.909097   -0.159097 (VIOLATED)
fanout467/X                             0.750000    0.909097   -0.159097 (VIOLATED)
_7404_/S                                0.750000    0.902486   -0.152486 (VIOLATED)
_7402_/S                                0.750000    0.902485   -0.152485 (VIOLATED)
_7399_/A2                               0.750000    0.902485   -0.152485 (VIOLATED)
_7405_/S                                0.750000    0.902469   -0.152469 (VIOLATED)
_7401_/S                                0.750000    0.902469   -0.152469 (VIOLATED)
_7403_/S                                0.750000    0.902466   -0.152466 (VIOLATED)
_7400_/S                                0.750000    0.902462   -0.152462 (VIOLATED)
_4786_/B1                               0.750000    0.902446   -0.152446 (VIOLATED)
_4806_/B1                               0.750000    0.902442   -0.152442 (VIOLATED)
_4817_/B1                               0.750000    0.902442   -0.152442 (VIOLATED)
fanout290/X                             0.750000    0.902442   -0.152442 (VIOLATED)
_4995_/A1                               0.750000    0.899117   -0.149117 (VIOLATED)
_5443_/C                                0.750000    0.899113   -0.149113 (VIOLATED)
_5576_/C                                0.750000    0.899108   -0.149108 (VIOLATED)
_5513_/B1                               0.750000    0.899101   -0.149101 (VIOLATED)
_5633_/C                                0.750000    0.899037   -0.149037 (VIOLATED)
_5694_/C                                0.750000    0.899009   -0.149009 (VIOLATED)
_5804_/C                                0.750000    0.898661   -0.148661 (VIOLATED)
_5766_/B                                0.750000    0.898647   -0.148647 (VIOLATED)
_5757_/C                                0.750000    0.898624   -0.148624 (VIOLATED)
_5760_/C                                0.750000    0.898623   -0.148623 (VIOLATED)
fanout224/X                             0.750000    0.898623   -0.148623 (VIOLATED)
_4810_/B                                0.750000    0.897658   -0.147658 (VIOLATED)
_5782_/A                                0.750000    0.897658   -0.147658 (VIOLATED)
_4799_/A                                0.750000    0.897658   -0.147658 (VIOLATED)
_6470_/B                                0.750000    0.897631   -0.147631 (VIOLATED)
_6613_/B                                0.750000    0.897617   -0.147617 (VIOLATED)
ANTENNA_4/DIODE                         0.750000    0.897600   -0.147600 (VIOLATED)
_6246_/B                                0.750000    0.897568   -0.147568 (VIOLATED)
_4794_/Y                                0.750000    0.897500   -0.147500 (VIOLATED)
_8620_/B1                               0.750000    0.895928   -0.145928 (VIOLATED)
_8680_/D                                0.750000    0.895925   -0.145925 (VIOLATED)
_8619_/B                                0.750000    0.895924   -0.145924 (VIOLATED)
_8731_/A2_N                             0.750000    0.895924   -0.145924 (VIOLATED)
_8973_/B                                0.750000    0.895914   -0.145914 (VIOLATED)
_8979_/A2                               0.750000    0.895914   -0.145914 (VIOLATED)
_8976_/A2                               0.750000    0.895913   -0.145913 (VIOLATED)
_8953_/A2                               0.750000    0.895912   -0.145912 (VIOLATED)
fanout473/A                             0.750000    0.895912   -0.145912 (VIOLATED)
fanout474/X                             0.750000    0.895912   -0.145912 (VIOLATED)
_8105_/B1                               0.750000    0.892884   -0.142884 (VIOLATED)
_8104_/A_N                              0.750000    0.892884   -0.142884 (VIOLATED)
_8177_/A2_N                             0.750000    0.892884   -0.142884 (VIOLATED)
_8176_/B                                0.750000    0.892878   -0.142878 (VIOLATED)
_8256_/D                                0.750000    0.892877   -0.142877 (VIOLATED)
_8344_/B1                               0.750000    0.892873   -0.142873 (VIOLATED)
_8414_/A2                               0.750000    0.892872   -0.142872 (VIOLATED)
_8412_/B                                0.750000    0.892853   -0.142853 (VIOLATED)
_8620_/A2                               0.750000    0.892850   -0.142850 (VIOLATED)
fanout478/A                             0.750000    0.892847   -0.142848 (VIOLATED)
fanout479/X                             0.750000    0.892847   -0.142848 (VIOLATED)
_9139_/A0                               0.750000    0.892321   -0.142321 (VIOLATED)
_9138_/Y                                0.750000    0.892183   -0.142183 (VIOLATED)
_8819_/A1                               0.750000    0.888890   -0.138890 (VIOLATED)
_8618_/A                                0.750000    0.888882   -0.138882 (VIOLATED)
_8620_/B2                               0.750000    0.888861   -0.138861 (VIOLATED)
_8560_/A                                0.750000    0.888844   -0.138844 (VIOLATED)
_8425_/A                                0.750000    0.888833   -0.138833 (VIOLATED)
_8495_/B2                               0.750000    0.888833   -0.138833 (VIOLATED)
_8493_/A                                0.750000    0.888824   -0.138824 (VIOLATED)
_8427_/B2                               0.750000    0.888821   -0.138821 (VIOLATED)
_8351_/A                                0.750000    0.888818   -0.138818 (VIOLATED)
_8353_/B2                               0.750000    0.888811   -0.138811 (VIOLATED)
fanout366/X                             0.750000    0.888811   -0.138811 (VIOLATED)
_7403_/A0                               0.750000    0.886488   -0.136488 (VIOLATED)
_4664_/A0                               0.750000    0.886486   -0.136486 (VIOLATED)
_4729_/B2                               0.750000    0.886483   -0.136483 (VIOLATED)
_4728_/B2                               0.750000    0.886477   -0.136477 (VIOLATED)
_8690_/A1_N                             0.750000    0.886035   -0.136035 (VIOLATED)
_8637_/C                                0.750000    0.886031   -0.136031 (VIOLATED)
_8633_/A1_N                             0.750000    0.886015   -0.136015 (VIOLATED)
_8578_/C                                0.750000    0.885995   -0.135995 (VIOLATED)
fanout384/A                             0.750000    0.885973   -0.135973 (VIOLATED)
fanout385/X                             0.750000    0.885973   -0.135973 (VIOLATED)
wire250/A                               0.750000    0.885633   -0.135633 (VIOLATED)
fanout249/A                             0.750000    0.885633   -0.135633 (VIOLATED)
_4728_/Y                                0.750000    0.885626   -0.135626 (VIOLATED)
_8679_/A1                               0.750000    0.883848   -0.133848 (VIOLATED)
_8678_/A                                0.750000    0.883848   -0.133848 (VIOLATED)
_8619_/A                                0.750000    0.883847   -0.133847 (VIOLATED)
_8620_/A1                               0.750000    0.883835   -0.133835 (VIOLATED)
_8560_/B                                0.750000    0.883826   -0.133827 (VIOLATED)
_8562_/A1                               0.750000    0.883814   -0.133814 (VIOLATED)
_8495_/A1                               0.750000    0.883807   -0.133807 (VIOLATED)
_8274_/A1                               0.750000    0.883762   -0.133762 (VIOLATED)
_8272_/B                                0.750000    0.883761   -0.133761 (VIOLATED)
_8193_/B                                0.750000    0.883750   -0.133750 (VIOLATED)
fanout361/X                             0.750000    0.883747   -0.133747 (VIOLATED)
_6094_/A1                               0.750000    0.878262   -0.128262 (VIOLATED)
_6230_/A                                0.750000    0.878257   -0.128257 (VIOLATED)
_6164_/A                                0.750000    0.878256   -0.128256 (VIOLATED)
_6425_/A                                0.750000    0.878218   -0.128218 (VIOLATED)
_6480_/A                                0.750000    0.878204   -0.128205 (VIOLATED)
_6479_/A                                0.750000    0.878193   -0.128193 (VIOLATED)
_6574_/A                                0.750000    0.878188   -0.128188 (VIOLATED)
_6643_/A                                0.750000    0.878188   -0.128188 (VIOLATED)
_6644_/A                                0.750000    0.878188   -0.128188 (VIOLATED)
_6646_/A1                               0.750000    0.878188   -0.128188 (VIOLATED)
fanout279/X                             0.750000    0.878188   -0.128188 (VIOLATED)
_8659_/B                                0.750000    0.876982   -0.126982 (VIOLATED)
_8516_/B                                0.750000    0.876974   -0.126974 (VIOLATED)
_8449_/A2                               0.750000    0.876947   -0.126947 (VIOLATED)
_8448_/C                                0.750000    0.876945   -0.126945 (VIOLATED)
_8374_/D                                0.750000    0.876929   -0.126929 (VIOLATED)
_8214_/D                                0.750000    0.876899   -0.126899 (VIOLATED)
_8140_/C                                0.750000    0.876897   -0.126897 (VIOLATED)
_8141_/A2                               0.750000    0.876896   -0.126896 (VIOLATED)
_8069_/D                                0.750000    0.876875   -0.126875 (VIOLATED)
_8070_/B1                               0.750000    0.876874   -0.126874 (VIOLATED)
fanout492/X                             0.750000    0.876873   -0.126873 (VIOLATED)
_5385_/B                                0.750000    0.876800   -0.126800 (VIOLATED)
_5384_/A_N                              0.750000    0.876799   -0.126799 (VIOLATED)
_5383_/Y                                0.750000    0.876778   -0.126778 (VIOLATED)
_7653_/A_N                              0.750000    0.876362   -0.126362 (VIOLATED)
_7654_/B1                               0.750000    0.876361   -0.126361 (VIOLATED)
_7706_/B                                0.750000    0.876360   -0.126360 (VIOLATED)
_8047_/A2_N                             0.750000    0.876344   -0.126344 (VIOLATED)
_8046_/D                                0.750000    0.876340   -0.126340 (VIOLATED)
_8195_/B1                               0.750000    0.876323   -0.126323 (VIOLATED)
_8123_/A2                               0.750000    0.876322   -0.126322 (VIOLATED)
_8121_/C                                0.750000    0.876320   -0.126320 (VIOLATED)
_8193_/D                                0.750000    0.876317   -0.126317 (VIOLATED)
_8273_/B                                0.750000    0.876317   -0.126317 (VIOLATED)
fanout445/X                             0.750000    0.876317   -0.126317 (VIOLATED)
_4660_/A0                               0.750000    0.872665   -0.122665 (VIOLATED)
_4678_/A                                0.750000    0.872663   -0.122663 (VIOLATED)
fanout401/A                             0.750000    0.872637   -0.122637 (VIOLATED)
fanout402/A                             0.750000    0.872604   -0.122605 (VIOLATED)
_8762_/A                                0.750000    0.872602   -0.122602 (VIOLATED)
_8713_/A                                0.750000    0.872597   -0.122597 (VIOLATED)
_8659_/A                                0.750000    0.872582   -0.122582 (VIOLATED)
fanout403/X                             0.750000    0.872581   -0.122581 (VIOLATED)
fanout403/A                             0.750000    0.865789   -0.115789 (VIOLATED)
_8599_/A                                0.750000    0.865788   -0.115788 (VIOLATED)
_5818_/A                                0.750000    0.865775   -0.115775 (VIOLATED)
_5856_/A                                0.750000    0.865775   -0.115775 (VIOLATED)
_8533_/A                                0.750000    0.865770   -0.115770 (VIOLATED)
_5896_/A1                               0.750000    0.865759   -0.115759 (VIOLATED)
_5894_/A                                0.750000    0.865747   -0.115747 (VIOLATED)
_6097_/A                                0.750000    0.865735   -0.115735 (VIOLATED)
_6304_/A                                0.750000    0.865720   -0.115720 (VIOLATED)
_6306_/B2                               0.750000    0.865720   -0.115720 (VIOLATED)
_6414_/A                                0.750000    0.865713   -0.115713 (VIOLATED)
_6519_/A                                0.750000    0.865712   -0.115712 (VIOLATED)
_6522_/A1                               0.750000    0.865712   -0.115712 (VIOLATED)
fanout249/X                             0.750000    0.865712   -0.115712 (VIOLATED)
_7437_/A                                0.750000    0.865670   -0.115670 (VIOLATED)
_8231_/A1                               0.750000    0.865647   -0.115647 (VIOLATED)
_7335_/A1                               0.750000    0.865307   -0.115307 (VIOLATED)
fanout404/X                             0.750000    0.865306   -0.115306 (VIOLATED)
_9122_/A0                               0.750000    0.863326   -0.113327 (VIOLATED)
_9121_/Y                                0.750000    0.863223   -0.113223 (VIOLATED)
_9130_/A0                               0.750000    0.860916   -0.110916 (VIOLATED)
_9129_/Y                                0.750000    0.860741   -0.110742 (VIOLATED)
_6395_/A                                0.750000    0.859716   -0.109716 (VIOLATED)
_6736_/A1                               0.750000    0.859714   -0.109714 (VIOLATED)
_6366_/A                                0.750000    0.859708   -0.109708 (VIOLATED)
_6364_/Y                                0.750000    0.859684   -0.109684 (VIOLATED)
_8822_/A                                0.750000    0.855106   -0.105106 (VIOLATED)
_8824_/A1                               0.750000    0.855104   -0.105104 (VIOLATED)
_8781_/A                                0.750000    0.855096   -0.105096 (VIOLATED)
_8783_/A1                               0.750000    0.855094   -0.105094 (VIOLATED)
_8739_/A                                0.750000    0.855090   -0.105090 (VIOLATED)
_8740_/A1                               0.750000    0.855088   -0.105088 (VIOLATED)
_8692_/A                                0.750000    0.855083   -0.105083 (VIOLATED)
_8693_/A1                               0.750000    0.855057   -0.105057 (VIOLATED)
_8635_/A                                0.750000    0.855043   -0.105043 (VIOLATED)
_8510_/A                                0.750000    0.855014   -0.105014 (VIOLATED)
fanout375/X                             0.750000    0.855014   -0.105014 (VIOLATED)
_8442_/A1                               0.750000    0.851571   -0.101571 (VIOLATED)
_8441_/A                                0.750000    0.851566   -0.101566 (VIOLATED)
_8368_/A                                0.750000    0.851563   -0.101563 (VIOLATED)
_8369_/A1                               0.750000    0.851553   -0.101553 (VIOLATED)
_8289_/A                                0.750000    0.851539   -0.101539 (VIOLATED)
_8290_/B2                               0.750000    0.851515   -0.101515 (VIOLATED)
_8213_/B2                               0.750000    0.851495   -0.101495 (VIOLATED)
_8212_/A                                0.750000    0.851483   -0.101483 (VIOLATED)
_7442_/A                                0.750000    0.851463   -0.101463 (VIOLATED)
_7445_/A1                               0.750000    0.851463   -0.101463 (VIOLATED)
fanout377/X                             0.750000    0.851463   -0.101463 (VIOLATED)
_4749_/Y                                0.750000    0.845867   -0.095867 (VIOLATED)
_6785_/A                                0.750000    0.845867   -0.095867 (VIOLATED)
fanout271/A                             0.750000    0.845867   -0.095867 (VIOLATED)
_4670_/S                                0.750000    0.842391   -0.092391 (VIOLATED)
_4671_/S                                0.750000    0.842390   -0.092390 (VIOLATED)
_4673_/S                                0.750000    0.842383   -0.092383 (VIOLATED)
fanout311/A                             0.750000    0.842364   -0.092365 (VIOLATED)
fanout312/A                             0.750000    0.842364   -0.092365 (VIOLATED)
fanout313/X                             0.750000    0.842364   -0.092365 (VIOLATED)
_7896_/B1                               0.750000    0.840216   -0.090216 (VIOLATED)
_7895_/D                                0.750000    0.840215   -0.090215 (VIOLATED)
_8055_/D                                0.750000    0.840215   -0.090215 (VIOLATED)
_8057_/B1                               0.750000    0.840215   -0.090215 (VIOLATED)
_8121_/D                                0.750000    0.840215   -0.090215 (VIOLATED)
_8123_/B1                               0.750000    0.840215   -0.090215 (VIOLATED)
_8194_/B                                0.750000    0.840215   -0.090215 (VIOLATED)
_8290_/B1                               0.750000    0.840215   -0.090215 (VIOLATED)
fanout440/A                             0.750000    0.840215   -0.090215 (VIOLATED)
fanout441/X                             0.750000    0.840215   -0.090215 (VIOLATED)
_8442_/B2                               0.750000    0.838493   -0.088493 (VIOLATED)
_8441_/B                                0.750000    0.838488   -0.088488 (VIOLATED)
_8368_/B                                0.750000    0.838486   -0.088486 (VIOLATED)
_8369_/B2                               0.750000    0.838471   -0.088471 (VIOLATED)
_8289_/B                                0.750000    0.838470   -0.088470 (VIOLATED)
_8290_/A1                               0.750000    0.838463   -0.088464 (VIOLATED)
_8212_/B                                0.750000    0.838436   -0.088436 (VIOLATED)
_8213_/A1                               0.750000    0.838431   -0.088431 (VIOLATED)
_8140_/B                                0.750000    0.838406   -0.088406 (VIOLATED)
_7442_/B                                0.750000    0.838389   -0.088389 (VIOLATED)
fanout382/X                             0.750000    0.838389   -0.088389 (VIOLATED)
_4992_/A1                               0.750000    0.837851   -0.087851 (VIOLATED)
_4993_/A1                               0.750000    0.837849   -0.087849 (VIOLATED)
_4984_/A1                               0.750000    0.837842   -0.087843 (VIOLATED)
_4985_/A1                               0.750000    0.837840   -0.087840 (VIOLATED)
_4987_/A1                               0.750000    0.837832   -0.087832 (VIOLATED)
_4988_/A1                               0.750000    0.837819   -0.087819 (VIOLATED)
_4930_/A1                               0.750000    0.837804   -0.087804 (VIOLATED)
_4775_/A                                0.750000    0.837800   -0.087800 (VIOLATED)
_4931_/A1                               0.750000    0.837800   -0.087800 (VIOLATED)
_4934_/A1                               0.750000    0.837800   -0.087800 (VIOLATED)
fanout334/X                             0.750000    0.837800   -0.087800 (VIOLATED)
_8927_/A2                               0.750000    0.837285   -0.087285 (VIOLATED)
_8926_/C                                0.750000    0.837282   -0.087282 (VIOLATED)
_8819_/B1                               0.750000    0.837279   -0.087279 (VIOLATED)
_8949_/D                                0.750000    0.837267   -0.087267 (VIOLATED)
_8902_/B1                               0.750000    0.837259   -0.087259 (VIOLATED)
_8865_/D                                0.750000    0.837242   -0.087242 (VIOLATED)
_8822_/D                                0.750000    0.837226   -0.087226 (VIOLATED)
_8824_/B1                               0.750000    0.837214   -0.087214 (VIOLATED)
_8781_/C                                0.750000    0.837212   -0.087212 (VIOLATED)
_8783_/A2                               0.750000    0.837212   -0.087212 (VIOLATED)
fanout477/X                             0.750000    0.837212   -0.087212 (VIOLATED)
fanout451/A                             0.750000    0.832341   -0.082342 (VIOLATED)
fanout450/A                             0.750000    0.832326   -0.082326 (VIOLATED)
_8511_/B1                               0.750000    0.832300   -0.082300 (VIOLATED)
_8510_/D                                0.750000    0.832299   -0.082299 (VIOLATED)
_8578_/D                                0.750000    0.832267   -0.082267 (VIOLATED)
_8633_/A2_N                             0.750000    0.832263   -0.082263 (VIOLATED)
fanout448/A                             0.750000    0.832220   -0.082221 (VIOLATED)
fanout452/X                             0.750000    0.832220   -0.082221 (VIOLATED)
_7959_/A_N                              0.750000    0.827537   -0.077537 (VIOLATED)
_7960_/A2_N                             0.750000    0.827536   -0.077536 (VIOLATED)
_8038_/B                                0.750000    0.827535   -0.077535 (VIOLATED)
_8039_/A2_N                             0.750000    0.827532   -0.077532 (VIOLATED)
_8338_/B1                               0.750000    0.827524   -0.077524 (VIOLATED)
_8415_/B                                0.750000    0.827521   -0.077521 (VIOLATED)
_8493_/C                                0.750000    0.827513   -0.077513 (VIOLATED)
_8495_/A2                               0.750000    0.827513   -0.077513 (VIOLATED)
_8560_/D                                0.750000    0.827513   -0.077513 (VIOLATED)
_8562_/B1                               0.750000    0.827513   -0.077513 (VIOLATED)
fanout471/X                             0.750000    0.827513   -0.077513 (VIOLATED)
fanout389/A                             0.750000    0.820296   -0.070296 (VIOLATED)
_8745_/A1                               0.750000    0.820281   -0.070281 (VIOLATED)
_8698_/A                                0.750000    0.820269   -0.070269 (VIOLATED)
_8642_/A                                0.750000    0.820250   -0.070250 (VIOLATED)
_8699_/A1                               0.750000    0.820246   -0.070246 (VIOLATED)
_8643_/A1                               0.750000    0.820230   -0.070230 (VIOLATED)
_8583_/A                                0.750000    0.820227   -0.070227 (VIOLATED)
_8584_/B2                               0.750000    0.820216   -0.070216 (VIOLATED)
_8517_/A                                0.750000    0.820192   -0.070192 (VIOLATED)
fanout390/X                             0.750000    0.820192   -0.070192 (VIOLATED)
_8110_/A1                               0.750000    0.816782   -0.066782 (VIOLATED)
fanout349/A                             0.750000    0.816776   -0.066776 (VIOLATED)
_8109_/A                                0.750000    0.816773   -0.066773 (VIOLATED)
_8182_/A1                               0.750000    0.816768   -0.066768 (VIOLATED)
_8181_/A                                0.750000    0.816739   -0.066739 (VIOLATED)
_4672_/A0                               0.750000    0.816621   -0.066621 (VIOLATED)
_4929_/A                                0.750000    0.816607   -0.066607 (VIOLATED)
fanout350/X                             0.750000    0.816606   -0.066606 (VIOLATED)
_8533_/B                                0.750000    0.816083   -0.066083 (VIOLATED)
_8376_/D                                0.750000    0.816078   -0.066078 (VIOLATED)
_8377_/A2_N                             0.750000    0.816077   -0.066077 (VIOLATED)
_8295_/C                                0.750000    0.816070   -0.066070 (VIOLATED)
_8296_/A2                               0.750000    0.816070   -0.066070 (VIOLATED)
_8218_/B                                0.750000    0.816068   -0.066068 (VIOLATED)
_7996_/A2                               0.750000    0.816055   -0.066055 (VIOLATED)
_7995_/C                                0.750000    0.816054   -0.066054 (VIOLATED)
_8071_/D                                0.750000    0.816052   -0.066052 (VIOLATED)
_8138_/A2_N                             0.750000    0.816052   -0.066052 (VIOLATED)
fanout486/X                             0.750000    0.816052   -0.066052 (VIOLATED)
_8625_/A1                               0.750000    0.812447   -0.062447 (VIOLATED)
_8412_/A                                0.750000    0.812445   -0.062445 (VIOLATED)
_8414_/B2                               0.750000    0.812443   -0.062443 (VIOLATED)
_8338_/B2                               0.750000    0.812435   -0.062436 (VIOLATED)
_8337_/B                                0.750000    0.812422   -0.062422 (VIOLATED)
_8260_/B2                               0.750000    0.812408   -0.062408 (VIOLATED)
_8259_/B                                0.750000    0.812406   -0.062406 (VIOLATED)
_8109_/B                                0.750000    0.812372   -0.062372 (VIOLATED)
_8043_/B                                0.750000    0.812369   -0.062369 (VIOLATED)
_8044_/B2                               0.750000    0.812369   -0.062369 (VIOLATED)
fanout353/X                             0.750000    0.812369   -0.062369 (VIOLATED)
_4676_/B                                0.750000    0.810618   -0.060618 (VIOLATED)
fanout329/A                             0.750000    0.810611   -0.060611 (VIOLATED)
_4791_/A                                0.750000    0.810603   -0.060603 (VIOLATED)
_4823_/A                                0.750000    0.810598   -0.060598 (VIOLATED)
_4681_/A                                0.750000    0.810595   -0.060595 (VIOLATED)
_4655_/B                                0.750000    0.810595   -0.060595 (VIOLATED)
_4853_/A                                0.750000    0.810593   -0.060593 (VIOLATED)
_4654_/B                                0.750000    0.810588   -0.060588 (VIOLATED)
_4656_/A_N                              0.750000    0.810587   -0.060587 (VIOLATED)
_4677_/B                                0.750000    0.810587   -0.060587 (VIOLATED)
fanout330/X                             0.750000    0.810587   -0.060587 (VIOLATED)
_8110_/B2                               0.750000    0.807502   -0.057502 (VIOLATED)
fanout353/A                             0.750000    0.807501   -0.057501 (VIOLATED)
_8182_/B2                               0.750000    0.807491   -0.057491 (VIOLATED)
_8181_/B                                0.750000    0.807478   -0.057478 (VIOLATED)
_4671_/A0                               0.750000    0.807395   -0.057395 (VIOLATED)
_4983_/A                                0.750000    0.807395   -0.057395 (VIOLATED)
fanout354/X                             0.750000    0.807395   -0.057395 (VIOLATED)
_6516_/B                                0.750000    0.805404   -0.055404 (VIOLATED)
_6700_/B                                0.750000    0.805403   -0.055403 (VIOLATED)
_4774_/Y                                0.750000    0.805391   -0.055391 (VIOLATED)
_4842_/A1                               0.750000    0.799983   -0.049983 (VIOLATED)
_4659_/A                                0.750000    0.799983   -0.049983 (VIOLATED)
_4849_/A1                               0.750000    0.799982   -0.049982 (VIOLATED)
_4888_/A1                               0.750000    0.799979   -0.049979 (VIOLATED)
_4898_/A1                               0.750000    0.799979   -0.049979 (VIOLATED)
_4682_/B2                               0.750000    0.799969   -0.049969 (VIOLATED)
_4768_/S0                               0.750000    0.799968   -0.049968 (VIOLATED)
_4792_/B2                               0.750000    0.799968   -0.049968 (VIOLATED)
_4812_/B2                               0.750000    0.799968   -0.049968 (VIOLATED)
_9439_/D                                0.750000    0.799968   -0.049968 (VIOLATED)
fanout328/X                             0.750000    0.799968   -0.049968 (VIOLATED)
_8518_/A1                               0.750000    0.798320   -0.048320 (VIOLATED)
_8449_/A1                               0.750000    0.798313   -0.048313 (VIOLATED)
_8448_/B                                0.750000    0.798302   -0.048302 (VIOLATED)
_8374_/B                                0.750000    0.798300   -0.048300 (VIOLATED)
_8375_/A1                               0.750000    0.798292   -0.048292 (VIOLATED)
_8295_/B                                0.750000    0.798286   -0.048286 (VIOLATED)
_8296_/A1                               0.750000    0.798271   -0.048271 (VIOLATED)
_7431_/A                                0.750000    0.798229   -0.048229 (VIOLATED)
_7432_/B                                0.750000    0.798207   -0.048207 (VIOLATED)
_7433_/A2                               0.750000    0.798206   -0.048206 (VIOLATED)
fanout396/X                             0.750000    0.798205   -0.048205 (VIOLATED)
_7898_/D                                0.750000    0.797374   -0.047374 (VIOLATED)
_7899_/A2_N                             0.750000    0.797374   -0.047374 (VIOLATED)
fanout502/A                             0.750000    0.797372   -0.047372 (VIOLATED)
_7980_/B1                               0.750000    0.797353   -0.047353 (VIOLATED)
_7978_/D                                0.750000    0.797347   -0.047347 (VIOLATED)
_8057_/A2                               0.750000    0.797340   -0.047340 (VIOLATED)
_8055_/C                                0.750000    0.797332   -0.047332 (VIOLATED)
_8122_/B                                0.750000    0.797324   -0.047324 (VIOLATED)
_8213_/B1                               0.750000    0.797323   -0.047323 (VIOLATED)
fanout503/X                             0.750000    0.797323   -0.047323 (VIOLATED)
_5964_/A2                               0.750000    0.796991   -0.046991 (VIOLATED)
fanout222/A                             0.750000    0.796987   -0.046987 (VIOLATED)
_4987_/Y                                0.750000    0.796983   -0.046983 (VIOLATED)
_8582_/A                                0.750000    0.796680   -0.046680 (VIOLATED)
_8641_/A                                0.750000    0.796672   -0.046672 (VIOLATED)
_8700_/C                                0.750000    0.796661   -0.046662 (VIOLATED)
_8701_/A1_N                             0.750000    0.796654   -0.046654 (VIOLATED)
_8747_/A                                0.750000    0.796649   -0.046649 (VIOLATED)
fanout398/A                             0.750000    0.796583   -0.046583 (VIOLATED)
fanout399/X                             0.750000    0.796583   -0.046583 (VIOLATED)
_8739_/C                                0.750000    0.792781   -0.042781 (VIOLATED)
_8740_/A2                               0.750000    0.792781   -0.042781 (VIOLATED)
_8781_/D                                0.750000    0.792781   -0.042781 (VIOLATED)
_8783_/B1                               0.750000    0.792781   -0.042781 (VIOLATED)
_8823_/B                                0.750000    0.792781   -0.042781 (VIOLATED)
_8896_/C                                0.750000    0.792781   -0.042781 (VIOLATED)
_8897_/A2                               0.750000    0.792781   -0.042781 (VIOLATED)
_8926_/D                                0.750000    0.792781   -0.042781 (VIOLATED)
_8927_/B1                               0.750000    0.792781   -0.042781 (VIOLATED)
_8952_/B                                0.750000    0.792781   -0.042781 (VIOLATED)
fanout473/X                             0.750000    0.792781   -0.042781 (VIOLATED)
_7980_/A1                               0.750000    0.792494   -0.042494 (VIOLATED)
_7908_/A                                0.750000    0.792479   -0.042479 (VIOLATED)
_7910_/A1                               0.750000    0.792477   -0.042477 (VIOLATED)
_7842_/A1                               0.750000    0.792470   -0.042470 (VIOLATED)
_7840_/A                                0.750000    0.792469   -0.042469 (VIOLATED)
_7782_/A                                0.750000    0.792445   -0.042445 (VIOLATED)
_7783_/A1                               0.750000    0.792428   -0.042428 (VIOLATED)
_7723_/A1                               0.750000    0.792410   -0.042410 (VIOLATED)
_7450_/A1                               0.750000    0.792406   -0.042406 (VIOLATED)
fanout369/X                             0.750000    0.792406   -0.042406 (VIOLATED)
_8494_/B                                0.750000    0.790135   -0.040135 (VIOLATED)
_8577_/A2                               0.750000    0.790133   -0.040133 (VIOLATED)
_8956_/A2                               0.750000    0.790132   -0.040133 (VIOLATED)
_8576_/C                                0.750000    0.790132   -0.040132 (VIOLATED)
_8636_/B1                               0.750000    0.790130   -0.040130 (VIOLATED)
fanout458/A                             0.750000    0.790130   -0.040130 (VIOLATED)
fanout459/X                             0.750000    0.790130   -0.040130 (VIOLATED)
_9405_/RESET_B                          0.750000    0.788645   -0.038645 (VIOLATED)
_9404_/RESET_B                          0.750000    0.788639   -0.038639 (VIOLATED)
_9419_/RESET_B                          0.750000    0.788639   -0.038639 (VIOLATED)
_9403_/RESET_B                          0.750000    0.788638   -0.038638 (VIOLATED)
_9402_/RESET_B                          0.750000    0.788618   -0.038618 (VIOLATED)
_9418_/RESET_B                          0.750000    0.788613   -0.038613 (VIOLATED)
_9401_/RESET_B                          0.750000    0.788611   -0.038611 (VIOLATED)
fanout413/A                             0.750000    0.788611   -0.038611 (VIOLATED)
fanout415/X                             0.750000    0.788611   -0.038611 (VIOLATED)
_5895_/B                                0.750000    0.787477   -0.037477 (VIOLATED)
_5818_/B                                0.750000    0.787474   -0.037474 (VIOLATED)
_5817_/B                                0.750000    0.787473   -0.037473 (VIOLATED)
fanout201/A                             0.750000    0.787472   -0.037472 (VIOLATED)
_6094_/B1                               0.750000    0.787465   -0.037465 (VIOLATED)
_6166_/B                                0.750000    0.787465   -0.037465 (VIOLATED)
_6232_/B                                0.750000    0.787465   -0.037465 (VIOLATED)
fanout202/X                             0.750000    0.787465   -0.037465 (VIOLATED)
_7604_/A2                               0.750000    0.783736   -0.033736 (VIOLATED)
_7605_/C                                0.750000    0.783734   -0.033734 (VIOLATED)
_7457_/A1                               0.750000    0.783733   -0.033733 (VIOLATED)
_7458_/B2                               0.750000    0.783733   -0.033733 (VIOLATED)
_7456_/B1                               0.750000    0.783729   -0.033729 (VIOLATED)
_7661_/B                                0.750000    0.783720   -0.033720 (VIOLATED)
_7722_/A                                0.750000    0.783715   -0.033715 (VIOLATED)
_7725_/A1                               0.750000    0.783714   -0.033714 (VIOLATED)
_7723_/B1                               0.750000    0.783714   -0.033714 (VIOLATED)
_7783_/A2                               0.750000    0.783714   -0.033714 (VIOLATED)
fanout483/X                             0.750000    0.783714   -0.033714 (VIOLATED)
_5944_/B                                0.750000    0.783120   -0.033121 (VIOLATED)
fanout227/A                             0.750000    0.783116   -0.033116 (VIOLATED)
_4937_/Y                                0.750000    0.783110   -0.033110 (VIOLATED)
_7564_/B2                               0.750000    0.782629   -0.032629 (VIOLATED)
_7522_/B2                               0.750000    0.782628   -0.032628 (VIOLATED)
_7492_/A                                0.750000    0.782621   -0.032621 (VIOLATED)
_7504_/A1_N                             0.750000    0.782621   -0.032621 (VIOLATED)
_7538_/A1                               0.750000    0.782618   -0.032618 (VIOLATED)
_7488_/A                                0.750000    0.782610   -0.032610 (VIOLATED)
_7489_/A1                               0.750000    0.782586   -0.032586 (VIOLATED)
_7765_/B2                               0.750000    0.782570   -0.032570 (VIOLATED)
_7824_/B2                               0.750000    0.782570   -0.032570 (VIOLATED)
_7891_/B2                               0.750000    0.782570   -0.032570 (VIOLATED)
fanout326/X                             0.750000    0.782570   -0.032570 (VIOLATED)
_7604_/A1                               0.750000    0.782097   -0.032097 (VIOLATED)
fanout356/A                             0.750000    0.782097   -0.032097 (VIOLATED)
fanout354/A                             0.750000    0.782096   -0.032096 (VIOLATED)
_7605_/B                                0.750000    0.782096   -0.032096 (VIOLATED)
_7370_/A1                               0.750000    0.782092   -0.032092 (VIOLATED)
fanout357/X                             0.750000    0.782092   -0.032092 (VIOLATED)
_4857_/B                                0.750000    0.780337   -0.030337 (VIOLATED)
_4876_/A2                               0.750000    0.780337   -0.030337 (VIOLATED)
_4706_/B                                0.750000    0.780337   -0.030337 (VIOLATED)
_4707_/C                                0.750000    0.780336   -0.030336 (VIOLATED)
_4704_/C                                0.750000    0.780335   -0.030335 (VIOLATED)
_4838_/A3                               0.750000    0.780331   -0.030331 (VIOLATED)
_4703_/B                                0.750000    0.780329   -0.030330 (VIOLATED)
_4829_/A1                               0.750000    0.780327   -0.030327 (VIOLATED)
_4837_/C                                0.750000    0.780327   -0.030327 (VIOLATED)
_4846_/A2                               0.750000    0.780327   -0.030327 (VIOLATED)
fanout288/X                             0.750000    0.780327   -0.030327 (VIOLATED)
_7466_/A                                0.750000    0.779854   -0.029854 (VIOLATED)
_7464_/B1                               0.750000    0.779854   -0.029854 (VIOLATED)
_7734_/A                                0.750000    0.779851   -0.029851 (VIOLATED)
_7733_/B1                               0.750000    0.779849   -0.029849 (VIOLATED)
_7792_/B1                               0.750000    0.779841   -0.029841 (VIOLATED)
_7793_/A                                0.750000    0.779840   -0.029840 (VIOLATED)
_7852_/B1                               0.750000    0.779840   -0.029840 (VIOLATED)
_7853_/A                                0.750000    0.779840   -0.029840 (VIOLATED)
_7920_/B1                               0.750000    0.779840   -0.029840 (VIOLATED)
_7921_/A                                0.750000    0.779840   -0.029840 (VIOLATED)
fanout194/X                             0.750000    0.779840   -0.029840 (VIOLATED)
_8915_/A2                               0.750000    0.779661   -0.029661 (VIOLATED)
_8877_/B                                0.750000    0.779660   -0.029660 (VIOLATED)
_8864_/B                                0.750000    0.779656   -0.029656 (VIOLATED)
_8962_/C                                0.750000    0.779648   -0.029648 (VIOLATED)
_8951_/A2                               0.750000    0.779642   -0.029642 (VIOLATED)
_8949_/C                                0.750000    0.779627   -0.029627 (VIOLATED)
_8902_/A2                               0.750000    0.779616   -0.029616 (VIOLATED)
_8865_/C                                0.750000    0.779615   -0.029615 (VIOLATED)
_8822_/C                                0.750000    0.779614   -0.029614 (VIOLATED)
_8824_/A2                               0.750000    0.779614   -0.029614 (VIOLATED)
fanout504/X                             0.750000    0.779614   -0.029614 (VIOLATED)
_8308_/A2                               0.750000    0.779012   -0.029012 (VIOLATED)
_7431_/B                                0.750000    0.779012   -0.029012 (VIOLATED)
_7434_/B                                0.750000    0.779010   -0.029010 (VIOLATED)
_8229_/A2                               0.750000    0.779009   -0.029009 (VIOLATED)
_7432_/C                                0.750000    0.779006   -0.029006 (VIOLATED)
_7433_/B1                               0.750000    0.779005   -0.029005 (VIOLATED)
_7437_/B                                0.750000    0.779004   -0.029004 (VIOLATED)
_7442_/C                                0.750000    0.779002   -0.029002 (VIOLATED)
_7444_/B                                0.750000    0.779002   -0.029002 (VIOLATED)
_7445_/B1                               0.750000    0.779002   -0.029002 (VIOLATED)
fanout480/X                             0.750000    0.779002   -0.029002 (VIOLATED)
fanout446/A                             0.750000    0.778289   -0.028289 (VIOLATED)
fanout445/A                             0.750000    0.778260   -0.028260 (VIOLATED)
_8442_/B1                               0.750000    0.778253   -0.028253 (VIOLATED)
_8512_/D                                0.750000    0.778233   -0.028233 (VIOLATED)
_8574_/A2_N                             0.750000    0.778223   -0.028223 (VIOLATED)
fanout443/A                             0.750000    0.778193   -0.028193 (VIOLATED)
fanout447/X                             0.750000    0.778192   -0.028192 (VIOLATED)
_7398_/S                                0.750000    0.777146   -0.027146 (VIOLATED)
_7385_/S                                0.750000    0.777145   -0.027145 (VIOLATED)
_7384_/S                                0.750000    0.777145   -0.027145 (VIOLATED)
_7396_/S                                0.750000    0.777145   -0.027145 (VIOLATED)
_7388_/S                                0.750000    0.777143   -0.027143 (VIOLATED)
_7394_/S                                0.750000    0.777143   -0.027143 (VIOLATED)
_7383_/S                                0.750000    0.777142   -0.027142 (VIOLATED)
_7397_/S                                0.750000    0.777140   -0.027140 (VIOLATED)
_7387_/S                                0.750000    0.777140   -0.027140 (VIOLATED)
_7395_/S                                0.750000    0.777139   -0.027139 (VIOLATED)
fanout405/X                             0.750000    0.777138   -0.027138 (VIOLATED)
_8253_/A2_N                             0.750000    0.775943   -0.025943 (VIOLATED)
_8338_/A2                               0.750000    0.775943   -0.025943 (VIOLATED)
_8337_/C                                0.750000    0.775941   -0.025941 (VIOLATED)
_8414_/B1                               0.750000    0.775933   -0.025933 (VIOLATED)
fanout475/A                             0.750000    0.775908   -0.025908 (VIOLATED)
fanout474/A                             0.750000    0.775852   -0.025852 (VIOLATED)
fanout476/X                             0.750000    0.775852   -0.025852 (VIOLATED)
_5297_/A                                0.750000    0.774818   -0.024818 (VIOLATED)
_5368_/A                                0.750000    0.774818   -0.024818 (VIOLATED)
_5298_/A                                0.750000    0.774816   -0.024816 (VIOLATED)
_5299_/B2                               0.750000    0.774815   -0.024815 (VIOLATED)
_6785_/B                                0.750000    0.774813   -0.024813 (VIOLATED)
_5513_/B2                               0.750000    0.774812   -0.024812 (VIOLATED)
_5981_/B                                0.750000    0.774812   -0.024812 (VIOLATED)
_6043_/B                                0.750000    0.774812   -0.024812 (VIOLATED)
_6045_/A2_N                             0.750000    0.774812   -0.024812 (VIOLATED)
_6046_/A2                               0.750000    0.774812   -0.024812 (VIOLATED)
fanout200/X                             0.750000    0.774812   -0.024812 (VIOLATED)
_8679_/A2                               0.750000    0.774504   -0.024504 (VIOLATED)
_8678_/B                                0.750000    0.774504   -0.024504 (VIOLATED)
_8729_/B                                0.750000    0.774501   -0.024501 (VIOLATED)
_8730_/B                                0.750000    0.774498   -0.024498 (VIOLATED)
_8819_/A2                               0.750000    0.774495   -0.024495 (VIOLATED)
_8972_/A2                               0.750000    0.774487   -0.024487 (VIOLATED)
_8979_/C1                               0.750000    0.774487   -0.024487 (VIOLATED)
fanout504/A                             0.750000    0.774483   -0.024483 (VIOLATED)
fanout505/X                             0.750000    0.774483   -0.024483 (VIOLATED)
_6600_/B                                0.750000    0.774345   -0.024345 (VIOLATED)
_6601_/A2                               0.750000    0.774344   -0.024344 (VIOLATED)
_6599_/B                                0.750000    0.774343   -0.024343 (VIOLATED)
_6703_/A2                               0.750000    0.774340   -0.024340 (VIOLATED)
_6408_/B                                0.750000    0.774336   -0.024336 (VIOLATED)
_6568_/A2                               0.750000    0.774336   -0.024336 (VIOLATED)
_6693_/A2                               0.750000    0.774335   -0.024335 (VIOLATED)
_6464_/C                                0.750000    0.774332   -0.024332 (VIOLATED)
_6691_/B                                0.750000    0.774327   -0.024327 (VIOLATED)
_6465_/A2                               0.750000    0.774325   -0.024325 (VIOLATED)
fanout264/X                             0.750000    0.774325   -0.024325 (VIOLATED)
_5459_/B                                0.750000    0.773662   -0.023662 (VIOLATED)
_5458_/A_N                              0.750000    0.773662   -0.023662 (VIOLATED)
_7707_/B1                               0.750000    0.773641   -0.023641 (VIOLATED)
_7706_/A_N                              0.750000    0.773638   -0.023638 (VIOLATED)
_7765_/A2_N                             0.750000    0.773635   -0.023635 (VIOLATED)
_7764_/B                                0.750000    0.773634   -0.023634 (VIOLATED)
_7825_/D                                0.750000    0.773632   -0.023632 (VIOLATED)
_5457_/Y                                0.750000    0.773616   -0.023616 (VIOLATED)
_8112_/B                                0.750000    0.773613   -0.023613 (VIOLATED)
_8193_/C                                0.750000    0.773606   -0.023606 (VIOLATED)
_8195_/A2                               0.750000    0.773606   -0.023606 (VIOLATED)
_8272_/D                                0.750000    0.773606   -0.023606 (VIOLATED)
_8274_/B1                               0.750000    0.773606   -0.023606 (VIOLATED)
fanout450/X                             0.750000    0.773606   -0.023606 (VIOLATED)
_9344_/RESET_B                          0.750000    0.772481   -0.022481 (VIOLATED)
_9343_/RESET_B                          0.750000    0.772478   -0.022478 (VIOLATED)
_9342_/RESET_B                          0.750000    0.772476   -0.022476 (VIOLATED)
_9356_/RESET_B                          0.750000    0.772467   -0.022467 (VIOLATED)
_9357_/RESET_B                          0.750000    0.772464   -0.022464 (VIOLATED)
_9355_/RESET_B                          0.750000    0.772447   -0.022447 (VIOLATED)
fanout433/A                             0.750000    0.772410   -0.022410 (VIOLATED)
fanout431/A                             0.750000    0.772409   -0.022409 (VIOLATED)
fanout434/X                             0.750000    0.772409   -0.022409 (VIOLATED)
_9113_/A2                               0.750000    0.772317   -0.022317 (VIOLATED)
_9112_/Y                                0.750000    0.772238   -0.022238 (VIOLATED)
fanout283/A                             0.750000    0.770652   -0.020652 (VIOLATED)
fanout282/A                             0.750000    0.770649   -0.020649 (VIOLATED)
_4715_/Y                                0.750000    0.770644   -0.020644 (VIOLATED)
_7891_/A2_N                             0.750000    0.770272   -0.020273 (VIOLATED)
_7824_/B1                               0.750000    0.770272   -0.020272 (VIOLATED)
_7823_/A_N                              0.750000    0.770272   -0.020272 (VIOLATED)
_7890_/B                                0.750000    0.770269   -0.020269 (VIOLATED)
_7962_/D                                0.750000    0.770264   -0.020264 (VIOLATED)
_8258_/B                                0.750000    0.770250   -0.020251 (VIOLATED)
_8351_/C                                0.750000    0.770248   -0.020248 (VIOLATED)
_8353_/A2                               0.750000    0.770248   -0.020248 (VIOLATED)
_8425_/D                                0.750000    0.770248   -0.020248 (VIOLATED)
_8427_/B1                               0.750000    0.770248   -0.020248 (VIOLATED)
fanout460/X                             0.750000    0.770248   -0.020248 (VIOLATED)
_8951_/A1                               0.750000    0.767212   -0.017212 (VIOLATED)
_8949_/A                                0.750000    0.767211   -0.017211 (VIOLATED)
_8897_/A1                               0.750000    0.767209   -0.017209 (VIOLATED)
_8927_/A1                               0.750000    0.767207   -0.017207 (VIOLATED)
_8896_/A                                0.750000    0.767205   -0.017205 (VIOLATED)
_8926_/A                                0.750000    0.767204   -0.017204 (VIOLATED)
_8868_/A                                0.750000    0.767178   -0.017178 (VIOLATED)
_8829_/A1                               0.750000    0.767161   -0.017161 (VIOLATED)
_8869_/A1                               0.750000    0.767159   -0.017159 (VIOLATED)
_8744_/A                                0.750000    0.767143   -0.017143 (VIOLATED)
fanout388/X                             0.750000    0.767141   -0.017142 (VIOLATED)
_9041_/B                                0.750000    0.766178   -0.016178 (VIOLATED)
_9042_/B                                0.750000    0.766177   -0.016177 (VIOLATED)
_7274_/A1                               0.750000    0.766175   -0.016175 (VIOLATED)
_7194_/B                                0.750000    0.766165   -0.016165 (VIOLATED)
_7196_/B                                0.750000    0.766159   -0.016159 (VIOLATED)
_7136_/A1                               0.750000    0.766157   -0.016157 (VIOLATED)
_7135_/Y                                0.750000    0.766129   -0.016129 (VIOLATED)
_8289_/D                                0.750000    0.766096   -0.016096 (VIOLATED)
_8368_/D                                0.750000    0.766095   -0.016095 (VIOLATED)
_8584_/B1                               0.750000    0.766088   -0.016088 (VIOLATED)
_8583_/D                                0.750000    0.766083   -0.016083 (VIOLATED)
_8642_/D                                0.750000    0.766082   -0.016082 (VIOLATED)
_8643_/B1                               0.750000    0.766082   -0.016082 (VIOLATED)
_8700_/D                                0.750000    0.766082   -0.016082 (VIOLATED)
_8701_/A2_N                             0.750000    0.766082   -0.016082 (VIOLATED)
_8806_/C1                               0.750000    0.766082   -0.016082 (VIOLATED)
_8843_/A2                               0.750000    0.766082   -0.016082 (VIOLATED)
fanout439/X                             0.750000    0.766082   -0.016082 (VIOLATED)
_4756_/C                                0.750000    0.764534   -0.014534 (VIOLATED)
_5710_/C                                0.750000    0.764532   -0.014532 (VIOLATED)
_5708_/A                                0.750000    0.764530   -0.014530 (VIOLATED)
_6045_/A1_N                             0.750000    0.764529   -0.014529 (VIOLATED)
_5982_/A                                0.750000    0.764526   -0.014526 (VIOLATED)
_5849_/A                                0.750000    0.764516   -0.014516 (VIOLATED)
_5838_/A                                0.750000    0.764499   -0.014499 (VIOLATED)
_5829_/A                                0.750000    0.764480   -0.014480 (VIOLATED)
_6106_/A                                0.750000    0.764468   -0.014468 (VIOLATED)
_6180_/A                                0.750000    0.764467   -0.014467 (VIOLATED)
fanout271/X                             0.750000    0.764467   -0.014467 (VIOLATED)
_9159_/A0                               0.750000    0.762589   -0.012589 (VIOLATED)
_9158_/X                                0.750000    0.762473   -0.012473 (VIOLATED)
_5634_/A                                0.750000    0.761928   -0.011928 (VIOLATED)
_4953_/B2                               0.750000    0.761920   -0.011920 (VIOLATED)
_4974_/A0                               0.750000    0.761919   -0.011919 (VIOLATED)
_4913_/B                                0.750000    0.761919   -0.011919 (VIOLATED)
_5019_/A2                               0.750000    0.761912   -0.011912 (VIOLATED)
_5440_/A                                0.750000    0.761885   -0.011885 (VIOLATED)
_5497_/A1_N                             0.750000    0.761885   -0.011885 (VIOLATED)
fanout200/A                             0.750000    0.761881   -0.011881 (VIOLATED)
fanout201/X                             0.750000    0.761881   -0.011881 (VIOLATED)
_7424_/S                                0.750000    0.760378   -0.010378 (VIOLATED)
_7425_/S                                0.750000    0.760378   -0.010378 (VIOLATED)
_4991_/B                                0.750000    0.760376   -0.010376 (VIOLATED)
_4983_/B                                0.750000    0.760370   -0.010370 (VIOLATED)
_7426_/S                                0.750000    0.760369   -0.010369 (VIOLATED)
_4986_/B                                0.750000    0.760368   -0.010368 (VIOLATED)
_7427_/S                                0.750000    0.760363   -0.010363 (VIOLATED)
_4929_/B                                0.750000    0.760362   -0.010362 (VIOLATED)
_4933_/B                                0.750000    0.760361   -0.010361 (VIOLATED)
_4936_/B                                0.750000    0.760361   -0.010361 (VIOLATED)
fanout301/X                             0.750000    0.760361   -0.010361 (VIOLATED)
_6868_/A                                0.750000    0.759692   -0.009692 (VIOLATED)
_6826_/A1                               0.750000    0.759686   -0.009686 (VIOLATED)
_6808_/A                                0.750000    0.759667   -0.009667 (VIOLATED)
_6806_/Y                                0.750000    0.759601   -0.009601 (VIOLATED)
_7087_/A4                               0.750000    0.758816   -0.008816 (VIOLATED)
_7086_/X                                0.750000    0.758693   -0.008693 (VIOLATED)
_7957_/A2_N                             0.750000    0.757880   -0.007880 (VIOLATED)
fanout455/A                             0.750000    0.757856   -0.007856 (VIOLATED)
_8274_/A2                               0.750000    0.757852   -0.007852 (VIOLATED)
_8272_/C                                0.750000    0.757851   -0.007851 (VIOLATED)
_8353_/B1                               0.750000    0.757768   -0.007768 (VIOLATED)
_8351_/D                                0.750000    0.757755   -0.007755 (VIOLATED)
_8426_/B                                0.750000    0.757749   -0.007749 (VIOLATED)
fanout456/X                             0.750000    0.757749   -0.007749 (VIOLATED)
_4776_/B1                               0.750000    0.755894   -0.005894 (VIOLATED)
_4777_/B1                               0.750000    0.755891   -0.005891 (VIOLATED)
_7428_/S                                0.750000    0.755880   -0.005880 (VIOLATED)
fanout301/A                             0.750000    0.755878   -0.005878 (VIOLATED)
fanout300/A                             0.750000    0.755841   -0.005841 (VIOLATED)
fanout302/X                             0.750000    0.755841   -0.005841 (VIOLATED)
_4949_/A                                0.750000    0.751103   -0.001103 (VIOLATED)
_5299_/A2                               0.750000    0.751103   -0.001103 (VIOLATED)
_5443_/A                                0.750000    0.751101   -0.001101 (VIOLATED)
_5025_/B                                0.750000    0.751101   -0.001101 (VIOLATED)
_4950_/B                                0.750000    0.751089   -0.001089 (VIOLATED)
_5855_/B                                0.750000    0.751075   -0.001075 (VIOLATED)
_5856_/B                                0.750000    0.751075   -0.001075 (VIOLATED)
_5889_/B                                0.750000    0.751075   -0.001075 (VIOLATED)
_6094_/A2                               0.750000    0.751075   -0.001075 (VIOLATED)
_6167_/B                                0.750000    0.751075   -0.001075 (VIOLATED)
fanout199/X                             0.750000    0.751075   -0.001075 (VIOLATED)

max fanout

Pin                                   Limit Fanout  Slack
---------------------------------------------------------
clkbuf_0_clk/X                           10     16     -6 (VIOLATED)



===========================================================================
report_parasitic_annotation -report_unannotated
============================================================================
Found 13 unannotated drivers.
 clkload0/X
 clkload1/X
 clkload10/X
 clkload11/X
 clkload12/X
 clkload2/X
 clkload3/X
 clkload4/X
 clkload5/X
 clkload6/X
 clkload7/X
 clkload8/X
 clkload9/X
Found 0 partially unannotated drivers.

===========================================================================
max slew violation count 1377
max fanout violation count 1
max cap violation count 0
============================================================================

===========================================================================
check_setup -verbose -unconstrained_endpoints -multiple_clock -no_clock -no_input_delay -loops -generated_clocks
===========================================================================
